t,share_N,share_E,share_F,W,C_ext,run_id,regime
0,0.0,1.0,0.0,1115.9313068244933,0.0,0,primitive_baseline
1,0.0,1.0,0.0,1115.9313068244933,0.0,0,primitive_baseline
2,0.005,0.995,0.0,1103.3224537943627,0.0,0,primitive_baseline
3,0.01,0.99,0.0,1093.4106808497029,0.0,0,primitive_baseline
4,0.015,0.985,0.0,1074.8564567921796,0.0,0,primitive_baseline
0,0.0,1.0,0.0,1115.9313068244933,0.0,0,safety_only
1,0.0,1.0,0.0,1115.9313068244933,0.0,0,safety_only
2,0.005,0.995,0.0,1103.3224537943627,0.0,0,safety_only
3,0.01,0.99,0.0,1093.4106808497029,0.0,0,safety_only
4,0.015,0.985,0.0,1074.8564567921796,0.0,0,safety_only
0,0.0,1.0,0.0,992.5648373136935,0.0,1,primitive_baseline
1,0.015,0.985,0.0,956.2847908695961,0.0,1,primitive_baseline
2,0.025,0.975,0.0,931.5206830748807,0.0,1,primitive_baseline
3,0.035,0.965,0.0,920.0076475215021,0.0,1,primitive_baseline
4,0.035,0.965,0.0,920.0076475215021,0.0,1,primitive_baseline
0,0.0,1.0,0.0,992.5648373136935,0.0,1,safety_only
1,0.015,0.985,0.0,956.2847908695961,0.0,1,safety_only
2,0.025,0.975,0.0,931.5206830748807,0.0,1,safety_only
3,0.035,0.965,0.0,920.0076475215021,0.0,1,safety_only
4,0.035,0.965,0.0,920.0076475215021,0.0,1,safety_only
0,0.0,1.0,0.0,1144.567994924898,0.0,2,primitive_baseline
1,0.0,1.0,0.0,1144.567994924898,0.0,2,primitive_baseline
2,0.01,0.99,0.0,1137.9672375400235,0.0,2,primitive_baseline
3,0.01,0.99,0.0,1137.9672375400235,0.0,2,primitive_baseline
4,0.01,0.99,0.0,1137.9672375400235,0.0,2,primitive_baseline
0,0.0,1.0,0.0,1144.567994924898,0.0,2,safety_only
1,0.0,1.0,0.0,1144.567994924898,0.0,2,safety_only
2,0.01,0.99,0.0,1137.9672375400235,0.0,2,safety_only
3,0.01,0.99,0.0,1137.9672375400235,0.0,2,safety_only
4,0.01,0.99,0.0,1137.9672375400235,0.0,2,safety_only
0,0.0,1.0,0.0,943.3021625114227,0.0,3,primitive_baseline
1,0.01,0.99,0.0,926.1713933199088,0.0,3,primitive_baseline
2,0.015,0.985,0.0,923.9420249859688,0.0,3,primitive_baseline
3,0.02,0.98,0.0,903.3416217347132,0.0,3,primitive_baseline
4,0.02,0.98,0.0,903.3416217347132,0.0,3,primitive_baseline
0,0.0,1.0,0.0,943.3021625114227,0.0,3,safety_only
1,0.01,0.99,0.0,926.1713933199088,0.0,3,safety_only
2,0.015,0.985,0.0,923.9420249859688,0.0,3,safety_only
3,0.02,0.98,0.0,903.3416217347132,0.0,3,safety_only
4,0.02,0.98,0.0,903.3416217347132,0.0,3,safety_only
0,0.0,1.0,0.0,945.0383827500715,0.0,4,primitive_baseline
1,0.005,0.995,0.0,940.7021598879804,0.0,4,primitive_baseline
2,0.01,0.99,0.0,936.3490542081742,0.0,4,primitive_baseline
3,0.025,0.975,0.0,883.5867064560982,0.0,4,primitive_baseline
4,0.03,0.97,0.0,878.7598575689746,0.0,4,primitive_baseline
0,0.0,1.0,0.0,945.0383827500715,0.0,4,safety_only
1,0.005,0.995,0.0,940.7021598879804,0.0,4,safety_only
2,0.01,0.99,0.0,936.3490542081742,0.0,4,safety_only
3,0.025,0.975,0.0,883.5867064560982,0.0,4,safety_only
4,0.03,0.97,0.0,878.7598575689746,0.0,4,safety_only
0,0.0,1.0,0.0,1018.3435580856587,0.0,5,primitive_baseline
1,0.0,1.0,0.0,1018.3435580856587,0.0,5,primitive_baseline
2,0.0,1.0,0.0,1018.3435580856587,0.0,5,primitive_baseline
3,0.005,0.995,0.0,1011.8511720844507,0.0,5,primitive_baseline
4,0.015,0.985,0.0,991.2658402193413,0.0,5,primitive_baseline
0,0.0,1.0,0.0,1018.3435580856587,0.0,5,safety_only
1,0.0,1.0,0.0,1018.3435580856587,0.0,5,safety_only
2,0.0,1.0,0.0,1018.3435580856587,0.0,5,safety_only
3,0.005,0.995,0.0,1011.8511720844507,0.0,5,safety_only
4,0.015,0.985,0.0,991.2658402193413,0.0,5,safety_only
0,0.0,1.0,0.0,985.0183373681498,0.0,6,primitive_baseline
1,0.0,1.0,0.0,985.0183373681498,0.0,6,primitive_baseline
2,0.005,0.995,0.0,984.370179556845,0.0,6,primitive_baseline
3,0.015,0.985,0.0,963.4376225963804,0.0,6,primitive_baseline
4,0.02,0.98,0.0,952.2042149009308,0.0,6,primitive_baseline
0,0.0,1.0,0.0,985.0183373681498,0.0,6,safety_only
1,0.0,1.0,0.0,985.0183373681498,0.0,6,safety_only
2,0.005,0.995,0.0,984.370179556845,0.0,6,safety_only
3,0.015,0.985,0.0,963.4376225963804,0.0,6,safety_only
4,0.02,0.98,0.0,952.2042149009308,0.0,6,safety_only
0,0.0,1.0,0.0,983.9163305709235,0.0,7,primitive_baseline
1,0.005,0.995,0.0,977.7457235047274,0.0,7,primitive_baseline
2,0.01,0.99,0.0,967.9232185549038,0.0,7,primitive_baseline
3,0.025,0.975,0.0,949.4790030677691,0.0,7,primitive_baseline
4,0.035,0.965,0.0,930.4458232278173,0.0,7,primitive_baseline
0,0.0,1.0,0.0,983.9163305709235,0.0,7,safety_only
1,0.005,0.995,0.0,977.7457235047274,0.0,7,safety_only
2,0.01,0.99,0.0,967.9232185549038,0.0,7,safety_only
3,0.025,0.975,0.0,949.4790030677691,0.0,7,safety_only
4,0.035,0.965,0.0,930.4458232278173,0.0,7,safety_only
0,0.0,1.0,0.0,917.9993925004478,0.0,8,primitive_baseline
1,0.01,0.99,0.0,878.2657490664897,0.0,8,primitive_baseline
2,0.015,0.985,0.0,864.0207510946427,0.0,8,primitive_baseline
3,0.02,0.98,0.0,849.1596730311028,0.0,8,primitive_baseline
4,0.025,0.975,0.0,842.2861541758298,0.0,8,primitive_baseline
0,0.0,1.0,0.0,917.9993925004478,0.0,8,safety_only
1,0.01,0.99,0.0,878.2657490664897,0.0,8,safety_only
2,0.015,0.985,0.0,864.0207510946427,0.0,8,safety_only
3,0.02,0.98,0.0,849.1596730311028,0.0,8,safety_only
4,0.025,0.975,0.0,842.2861541758298,0.0,8,safety_only
0,0.0,1.0,0.0,1011.0387899796223,0.0,9,primitive_baseline
1,0.0,1.0,0.0,1011.0387899796223,0.0,9,primitive_baseline
2,0.0,1.0,0.0,1011.0387899796223,0.0,9,primitive_baseline
3,0.005,0.995,0.0,1007.1949316966868,0.0,9,primitive_baseline
4,0.015,0.985,0.0,988.253479770294,0.0,9,primitive_baseline
0,0.0,1.0,0.0,1011.0387899796223,0.0,9,safety_only
1,0.0,1.0,0.0,1011.0387899796223,0.0,9,safety_only
2,0.0,1.0,0.0,1011.0387899796223,0.0,9,safety_only
3,0.005,0.995,0.0,1007.1949316966868,0.0,9,safety_only
4,0.015,0.985,0.0,988.253479770294,0.0,9,safety_only
0,0.0,1.0,0.0,907.7542032015889,0.0,10,primitive_baseline
1,0.005,0.995,0.0,899.4687730175684,0.0,10,primitive_baseline
2,0.015,0.985,0.0,886.463752009536,0.0,10,primitive_baseline
3,0.02,0.98,0.0,875.9217699280063,0.0,10,primitive_baseline
4,0.02,0.98,0.0,875.9217699280063,0.0,10,primitive_baseline
0,0.0,1.0,0.0,907.7542032015889,0.0,10,safety_only
1,0.005,0.995,0.0,899.4687730175684,0.0,10,safety_only
2,0.015,0.985,0.0,886.463752009536,0.0,10,safety_only
3,0.02,0.98,0.0,875.9217699280063,0.0,10,safety_only
4,0.02,0.98,0.0,875.9217699280063,0.0,10,safety_only
0,0.0,1.0,0.0,849.9931447302101,0.0,11,primitive_baseline
1,0.0,1.0,0.0,849.9931447302101,0.0,11,primitive_baseline
2,0.005,0.995,0.0,846.0764531163807,0.0,11,primitive_baseline
3,0.015,0.985,0.0,835.0214347393155,0.0,11,primitive_baseline
4,0.015,0.985,0.0,835.0214347393155,0.0,11,primitive_baseline
0,0.0,1.0,0.0,849.9931447302101,0.0,11,safety_only
1,0.0,1.0,0.0,849.9931447302101,0.0,11,safety_only
2,0.005,0.995,0.0,846.0764531163807,0.0,11,safety_only
3,0.015,0.985,0.0,835.0214347393155,0.0,11,safety_only
4,0.015,0.985,0.0,835.0214347393155,0.0,11,safety_only
0,0.0,1.0,0.0,1024.9195188045992,0.0,12,primitive_baseline
1,0.005,0.995,0.0,1016.4606887966637,0.0,12,primitive_baseline
2,0.015,0.985,0.0,990.9663786361366,0.0,12,primitive_baseline
3,0.03,0.97,0.0,965.6837422868324,0.0,12,primitive_baseline
4,0.035,0.965,0.0,951.5900711345954,0.0,12,primitive_baseline
0,0.0,1.0,0.0,1024.9195188045992,0.0,12,safety_only
1,0.005,0.995,0.0,1016.4606887966637,0.0,12,safety_only
2,0.015,0.985,0.0,990.9663786361366,0.0,12,safety_only
3,0.03,0.97,0.0,965.6837422868324,0.0,12,safety_only
4,0.035,0.965,0.0,951.5900711345954,0.0,12,safety_only
0,0.0,1.0,0.0,926.1012540104726,0.0,13,primitive_baseline
1,0.005,0.995,0.0,924.3230059714704,0.0,13,primitive_baseline
2,0.02,0.98,0.0,910.2903637837819,0.0,13,primitive_baseline
3,0.025,0.975,0.0,907.0845694542298,0.0,13,primitive_baseline
4,0.03,0.97,0.0,898.2407399437237,0.0,13,primitive_baseline
0,0.0,1.0,0.0,926.1012540104726,0.0,13,safety_only
1,0.005,0.995,0.0,924.3230059714704,0.0,13,safety_only
2,0.02,0.98,0.0,910.2903637837819,0.0,13,safety_only
3,0.025,0.975,0.0,907.0845694542298,0.0,13,safety_only
4,0.03,0.97,0.0,898.2407399437237,0.0,13,safety_only
0,0.0,1.0,0.0,991.1414532335159,0.0,14,primitive_baseline
1,0.01,0.99,0.0,942.635573859242,0.0,14,primitive_baseline
2,0.02,0.98,0.0,914.1145735282463,0.0,14,primitive_baseline
3,0.025,0.975,0.0,897.1949816124375,0.0,14,primitive_baseline
4,0.03,0.97,0.0,893.9600376795419,0.0,14,primitive_baseline
0,0.0,1.0,0.0,991.1414532335159,0.0,14,safety_only
1,0.01,0.99,0.0,942.635573859242,0.0,14,safety_only
2,0.02,0.98,0.0,914.1145735282463,0.0,14,safety_only
3,0.025,0.975,0.0,897.1949816124375,0.0,14,safety_only
4,0.03,0.97,0.0,893.9600376795419,0.0,14,safety_only
0,0.0,1.0,0.0,988.0845626562701,0.0,15,primitive_baseline
1,0.0,1.0,0.0,988.0845626562701,0.0,15,primitive_baseline
2,0.0,1.0,0.0,988.0845626562701,0.0,15,primitive_baseline
3,0.0,1.0,0.0,988.0845626562701,0.0,15,primitive_baseline
4,0.01,0.99,0.0,968.9162331286861,0.0,15,primitive_baseline
0,0.0,1.0,0.0,988.0845626562701,0.0,15,safety_only
1,0.0,1.0,0.0,988.0845626562701,0.0,15,safety_only
2,0.0,1.0,0.0,988.0845626562701,0.0,15,safety_only
3,0.0,1.0,0.0,988.0845626562701,0.0,15,safety_only
4,0.01,0.99,0.0,968.9162331286861,0.0,15,safety_only
0,0.0,1.0,0.0,1081.7380978959711,0.0,16,primitive_baseline
1,0.01,0.99,0.0,1065.331081374983,0.0,16,primitive_baseline
2,0.015,0.985,0.0,1058.8432777851222,0.0,16,primitive_baseline
3,0.02,0.98,0.0,1049.7842396125172,0.0,16,primitive_baseline
4,0.025,0.975,0.0,1032.4466602048722,0.0,16,primitive_baseline
0,0.0,1.0,0.0,1081.7380978959711,0.0,16,safety_only
1,0.01,0.99,0.0,1065.331081374983,0.0,16,safety_only
2,0.015,0.985,0.0,1058.8432777851222,0.0,16,safety_only
3,0.02,0.98,0.0,1049.7842396125172,0.0,16,safety_only
4,0.025,0.975,0.0,1032.4466602048722,0.0,16,safety_only
0,0.0,1.0,0.0,1143.7331493974277,0.0,17,primitive_baseline
1,0.0,1.0,0.0,1143.7331493974277,0.0,17,primitive_baseline
2,0.0,1.0,0.0,1143.7331493974277,0.0,17,primitive_baseline
3,0.005,0.995,0.0,1109.1898161653903,0.0,17,primitive_baseline
4,0.015,0.985,0.0,1085.5060141006093,0.0,17,primitive_baseline
0,0.0,1.0,0.0,1143.7331493974277,0.0,17,safety_only
1,0.0,1.0,0.0,1143.7331493974277,0.0,17,safety_only
2,0.0,1.0,0.0,1143.7331493974277,0.0,17,safety_only
3,0.005,0.995,0.0,1109.1898161653903,0.0,17,safety_only
4,0.015,0.985,0.0,1085.5060141006093,0.0,17,safety_only
0,0.0,0.94,0.06,987.2745241913435,5.711663557150653,18,primitive_baseline
1,0.0,0.94,0.06,987.2745241913435,5.711663557150653,18,primitive_baseline
2,0.01,0.935,0.055,959.2544495538139,5.483438179629763,18,primitive_baseline
3,0.01,0.935,0.055,959.2544495538139,5.483438179629763,18,primitive_baseline
4,0.01,0.94,0.05,955.6810916648787,5.168984938496804,18,primitive_baseline
5,0.015,0.935,0.05,954.4027896863931,5.168984938496804,18,primitive_baseline
6,0.015,0.94,0.045,946.5694308762687,4.227889879356653,18,primitive_baseline
7,0.015,0.945,0.04,944.5120933982439,3.566137710740655,18,primitive_baseline
8,0.015,0.945,0.04,944.5120933982439,3.566137710740655,18,primitive_baseline
9,0.02,0.945,0.035,932.7606191940895,3.0781178881728852,18,primitive_baseline
10,0.035,0.93,0.035,912.6960682152838,3.0781178881728852,18,primitive_baseline
11,0.035,0.93,0.035,912.6960682152838,3.0781178881728852,18,primitive_baseline
12,0.035,0.93,0.035,912.6960682152838,3.0781178881728852,18,primitive_baseline
13,0.035,0.93,0.035,912.6960682152838,3.0781178881728852,18,primitive_baseline
0,0.0,0.94,0.06,987.2745241913435,5.711663557150653,18,safety_only
1,0.0,0.94,0.06,987.2745241913435,5.711663557150653,18,safety_only
2,0.01,0.935,0.055,959.2544495538139,5.483438179629763,18,safety_only
3,0.01,0.935,0.055,959.2544495538139,5.483438179629763,18,safety_only
4,0.01,0.94,0.05,955.6810916648787,5.168984938496804,18,safety_only
5,0.015,0.935,0.05,954.4027896863931,5.168984938496804,18,safety_only
6,0.015,0.94,0.045,946.5694308762687,4.227889879356653,18,safety_only
7,0.015,0.945,0.04,944.5120933982439,3.566137710740655,18,safety_only
8,0.015,0.945,0.04,944.5120933982439,3.566137710740655,18,safety_only
9,0.02,0.945,0.035,932.7606191940895,3.0781178881728852,18,safety_only
10,0.035,0.93,0.035,912.6960682152838,3.0781178881728852,18,safety_only
11,0.035,0.93,0.035,912.6960682152838,3.0781178881728852,18,safety_only
12,0.035,0.93,0.035,912.6960682152838,3.0781178881728852,18,safety_only
13,0.035,0.93,0.035,912.6960682152838,3.0781178881728852,18,safety_only
0,0.0,0.94,0.06,917.0483917231546,9.393893727128605,19,primitive_baseline
1,0.0,0.89,0.11,1049.6832520632631,15.353669351272579,19,primitive_baseline
2,0.0,0.845,0.155,1134.8557666097818,18.881635184908006,19,primitive_baseline
3,0.005,0.805,0.19,1246.657278748728,24.396461645646482,19,primitive_baseline
4,0.01,0.76,0.23,1326.6801740052224,27.885928724262453,19,primitive_baseline
5,0.01,0.72,0.27,1461.3234989311147,32.53747446510416,19,primitive_baseline
6,0.01,0.685,0.305,1558.0762072411167,35.807580851940585,19,primitive_baseline
7,0.015,0.65,0.335,1670.1324114887113,41.0337392271191,19,primitive_baseline
8,0.015,0.605,0.38,1725.9172293990653,44.27767704059331,19,primitive_baseline
9,0.015,0.565,0.42,1752.5631505184099,46.27244329148236,19,primitive_baseline
10,0.02,0.535,0.445,1749.0888990775225,48.7878727183182,19,primitive_baseline
11,0.02,0.5,0.48,1761.1655392588955,50.57240168215979,19,primitive_baseline
12,0.02,0.47,0.51,1766.0413178552708,51.59393430573532,19,primitive_baseline
13,0.02,0.445,0.535,1771.6950538577253,53.927389056374395,19,primitive_baseline
14,0.02,0.425,0.555,1771.005054015264,55.64792468245315,19,primitive_baseline
15,0.02,0.405,0.575,1768.18227408496,56.79911654754028,19,primitive_baseline
16,0.02,0.385,0.595,1764.248810227203,57.82069103300536,19,primitive_baseline
17,0.025,0.365,0.61,1749.0275609070054,58.41077345590617,19,primitive_baseline
18,0.025,0.34,0.635,1739.147841475757,59.972011754909005,19,primitive_baseline
19,0.03,0.32,0.65,1695.0061992927244,60.49520148664847,19,primitive_baseline
20,0.03,0.3,0.67,1679.741155316799,62.09769931023993,19,primitive_baseline
21,0.03,0.29,0.68,1657.6639734165055,63.99152454599381,19,primitive_baseline
22,0.03,0.265,0.705,1630.8431762601695,65.89138677037425,19,primitive_baseline
23,0.03,0.255,0.715,1614.8540717289263,66.88495438299643,19,primitive_baseline
24,0.03,0.24,0.73,1597.6765144053873,67.89023103379952,19,primitive_baseline
25,0.03,0.235,0.735,1562.3043991429222,69.74463244988894,19,primitive_baseline
26,0.03,0.225,0.745,1546.9997082881478,70.4946584705257,19,primitive_baseline
27,0.03,0.225,0.745,1546.9997082881478,70.4946584705257,19,primitive_baseline
28,0.03,0.21,0.76,1540.7185275313702,70.7939354693439,19,primitive_baseline
29,0.035,0.2,0.765,1502.6680099957073,70.86034421249525,19,primitive_baseline
30,0.035,0.195,0.77,1501.7763631687249,70.90122134305133,19,primitive_baseline
31,0.035,0.18,0.785,1480.5892491976556,71.85347787663599,19,primitive_baseline
32,0.035,0.175,0.79,1470.706809818388,72.28403110155212,19,primitive_baseline
33,0.04,0.16,0.8,1442.080055648194,73.00291079234343,19,primitive_baseline
34,0.04,0.14,0.82,1417.1349930674003,74.00536895513714,19,primitive_baseline
35,0.04,0.13,0.83,1409.2412743926534,74.31262370083562,19,primitive_baseline
36,0.04,0.125,0.835,1403.623688191802,74.53059491149776,19,primitive_baseline
37,0.04,0.11,0.85,1373.003515624696,75.6842847967012,19,primitive_baseline
38,0.04,0.105,0.855,1364.2876682371946,76.00314239350568,19,primitive_baseline
39,0.04,0.1,0.86,1362.3995300667857,76.07181101475072,19,primitive_baseline
40,0.04,0.095,0.865,1359.7320598386893,76.1675169974134,19,primitive_baseline
41,0.04,0.095,0.865,1359.7320598386893,76.1675169974134,19,primitive_baseline
42,0.04,0.09,0.87,1345.265369060697,76.68123684933109,19,primitive_baseline
43,0.04,0.08,0.88,1334.5773897954114,77.05646054414933,19,primitive_baseline
44,0.04,0.08,0.88,1334.5773897954114,77.05646054414933,19,primitive_baseline
45,0.04,0.08,0.88,1334.5773897954114,77.05646054414933,19,primitive_baseline
46,0.04,0.08,0.88,1334.5773897954114,77.05646054414933,19,primitive_baseline
47,0.04,0.07,0.89,1324.8211831409578,77.3951447151733,19,primitive_baseline
48,0.04,0.07,0.89,1324.8211831409578,77.3951447151733,19,primitive_baseline
49,0.04,0.06,0.9,1317.8940102350834,77.63081020562535,19,primitive_baseline
50,0.04,0.055,0.905,1308.7452953675916,77.94283463607064,19,primitive_baseline
51,0.04,0.05,0.91,1307.3048927106838,77.99117009262012,19,primitive_baseline
52,0.04,0.045,0.915,1302.2313118186344,78.1601055950733,19,primitive_baseline
53,0.04,0.04,0.92,1293.618657613185,78.44478688054633,19,primitive_baseline
54,0.04,0.035,0.925,1289.8817525331049,78.56863632785017,19,primitive_baseline
55,0.04,0.03,0.93,1283.7567080793617,78.77096838796825,19,primitive_baseline
56,0.04,0.025,0.935,1276.6266352478094,79.00183746608829,19,primitive_baseline
57,0.04,0.025,0.935,1276.6266352478094,79.00183746608829,19,primitive_baseline
58,0.04,0.02,0.94,1264.6879144196319,79.38475964774831,19,primitive_baseline
59,0.045,0.015,0.94,1253.0467253918569,79.38475964774831,19,primitive_baseline
60,0.045,0.015,0.94,1253.0467253918569,79.38475964774831,19,primitive_baseline
61,0.045,0.015,0.94,1253.0467253918569,79.38475964774831,19,primitive_baseline
62,0.045,0.01,0.945,1237.2701099549167,79.8862029608732,19,primitive_baseline
63,0.045,0.01,0.945,1237.2701099549167,79.8862029608732,19,primitive_baseline
64,0.045,0.01,0.945,1237.2701099549167,79.8862029608732,19,primitive_baseline
65,0.045,0.005,0.95,1229.169960420215,80.13920881571204,19,primitive_baseline
66,0.045,0.005,0.95,1229.169960420215,80.13920881571204,19,primitive_baseline
67,0.045,0.005,0.95,1229.169960420215,80.13920881571204,19,primitive_baseline
68,0.045,0.005,0.95,1229.169960420215,80.13920881571204,19,primitive_baseline
69,0.045,0.005,0.95,1229.169960420215,80.13920881571204,19,primitive_baseline
0,0.0,0.94,0.06,917.0483917231546,9.393893727128605,19,safety_only
1,0.0,0.89,0.11,1049.6832520632631,15.353669351272579,19,safety_only
2,0.0,0.845,0.155,1134.8557666097818,18.881635184908006,19,safety_only
3,0.005,0.805,0.19,1246.657278748728,24.396461645646482,19,safety_only
4,0.01,0.76,0.23,1326.6801740052224,27.885928724262453,19,safety_only
5,0.01,0.72,0.27,1461.3234989311147,32.53747446510416,19,safety_only
6,0.02,0.71,0.27,1402.6534464007866,32.53747446510416,19,safety_only
7,0.025,0.705,0.27,1392.1294986687597,32.53747446510416,19,safety_only
8,0.035,0.695,0.27,1333.9540245218056,32.53747446510416,19,safety_only
9,0.035,0.695,0.27,1333.9540245218056,32.53747446510416,19,safety_only
0,0.0,0.94,0.06,785.6056602898913,6.646097136026993,20,primitive_baseline
1,0.01,0.91,0.08,807.2913529566154,8.528813177060362,20,primitive_baseline
2,0.01,0.875,0.115,903.8680136052927,13.35968899525362,20,primitive_baseline
3,0.01,0.83,0.16,1004.3609391371432,17.914247151501353,20,primitive_baseline
4,0.01,0.78,0.21,1082.5593657651557,21.24582969580454,20,primitive_baseline
5,0.01,0.74,0.25,1138.6152171622548,23.53827339257691,20,primitive_baseline
6,0.01,0.72,0.27,1199.77185746071,25.958900430768416,20,primitive_baseline
7,0.01,0.68,0.31,1279.5912369883958,28.988524919343444,20,primitive_baseline
8,0.01,0.65,0.34,1378.388396839482,32.59100201406511,20,primitive_baseline
9,0.01,0.615,0.375,1452.7637681629665,35.62779090329536,20,primitive_baseline
10,0.01,0.595,0.395,1487.1167033004765,37.283872403420304,20,primitive_baseline
11,0.01,0.56,0.43,1533.4234603473678,39.95530776093029,20,primitive_baseline
12,0.01,0.54,0.45,1557.1601140973344,41.650803812504634,20,primitive_baseline
13,0.01,0.51,0.48,1587.4602266436168,44.59334072913257,20,primitive_baseline
14,0.01,0.49,0.5,1602.8595310059045,47.02488627985963,20,primitive_baseline
15,0.015,0.455,0.53,1586.800163666822,50.24923999648877,20,primitive_baseline
16,0.015,0.42,0.565,1577.4034851240326,53.57194466568154,20,primitive_baseline
17,0.015,0.41,0.575,1572.428945955473,54.41087975785411,20,primitive_baseline
18,0.015,0.385,0.6,1558.4950606349416,56.19010105585413,20,primitive_baseline
19,0.015,0.375,0.61,1550.195351351896,57.048615227279605,20,primitive_baseline
20,0.01,0.355,0.635,1524.4671156316158,59.58883556826916,20,primitive_baseline
21,0.01,0.325,0.665,1498.3700989868807,61.33350169483238,20,primitive_baseline
22,0.01,0.31,0.68,1481.1502447920607,62.35427242919057,20,primitive_baseline
23,0.015,0.3,0.685,1450.4898647813166,62.57910570691227,20,primitive_baseline
24,0.015,0.29,0.695,1435.8159540724882,63.36708970059448,20,primitive_baseline
25,0.02,0.275,0.705,1389.557299095375,65.03864420099174,20,primitive_baseline
26,0.02,0.275,0.705,1389.557299095375,65.03864420099174,20,primitive_baseline
27,0.02,0.265,0.715,1384.9830839756025,65.24842213358406,20,primitive_baseline
28,0.02,0.255,0.725,1370.4277708779466,65.90287145046042,20,primitive_baseline
29,0.02,0.25,0.73,1366.9486861686053,66.05427518062918,20,primitive_baseline
30,0.02,0.235,0.745,1327.99428313678,67.67710806776853,20,primitive_baseline
31,0.02,0.215,0.765,1306.4497598363819,68.51426470257243,20,primitive_baseline
32,0.02,0.205,0.775,1279.2794751186443,69.52637452532728,20,primitive_baseline
33,0.02,0.19,0.79,1221.5832385219067,71.5421549749157,20,primitive_baseline
34,0.02,0.18,0.8,1186.441024996034,72.69183768759791,20,primitive_baseline
35,0.02,0.175,0.805,1181.0723310048634,72.86223109550428,20,primitive_baseline
36,0.02,0.165,0.815,1166.9402453095918,73.30352086486407,20,primitive_baseline
37,0.02,0.15,0.83,1122.0234568877465,74.66027885283022,20,primitive_baseline
38,0.02,0.135,0.845,1086.3144453945467,75.69602924575034,20,primitive_baseline
39,0.02,0.13,0.85,1026.2091740092847,77.35453029087861,20,primitive_baseline
40,0.02,0.12,0.86,974.4498337769469,78.72149962581204,20,primitive_baseline
41,0.02,0.11,0.87,948.8923207246403,79.37482654182679,20,primitive_baseline
42,0.02,0.1,0.88,908.2254883230762,80.38454954092839,20,primitive_baseline
43,0.02,0.1,0.88,908.2254883230762,80.38454954092839,20,primitive_baseline
44,0.02,0.1,0.88,908.2254883230762,80.38454954092839,20,primitive_baseline
45,0.02,0.095,0.885,891.9143024967816,80.78495146516966,20,primitive_baseline
46,0.02,0.095,0.885,891.9143024967816,80.78495146516966,20,primitive_baseline
47,0.02,0.09,0.89,886.9707992109898,80.90454886017697,20,primitive_baseline
48,0.02,0.08,0.9,870.8425118371165,81.29317955006327,20,primitive_baseline
49,0.02,0.08,0.9,870.8425118371165,81.29317955006327,20,primitive_baseline
50,0.02,0.075,0.905,859.2996945579107,81.5696213641479,20,primitive_baseline
51,0.02,0.075,0.905,859.2996945579107,81.5696213641479,20,primitive_baseline
52,0.02,0.075,0.905,859.2996945579107,81.5696213641479,20,primitive_baseline
53,0.02,0.065,0.915,837.1614654636005,82.09373114815843,20,primitive_baseline
54,0.02,0.065,0.915,837.1614654636005,82.09373114815843,20,primitive_baseline
55,0.02,0.065,0.915,837.1614654636005,82.09373114815843,20,primitive_baseline
56,0.02,0.065,0.915,837.1614654636005,82.09373114815843,20,primitive_baseline
57,0.02,0.065,0.915,837.1614654636005,82.09373114815843,20,primitive_baseline
0,0.0,0.94,0.06,785.6056602898913,6.646097136026993,20,safety_only
1,0.01,0.91,0.08,807.2913529566154,8.528813177060362,20,safety_only
2,0.01,0.875,0.115,903.8680136052927,13.35968899525362,20,safety_only
3,0.01,0.83,0.16,1004.3609391371432,17.914247151501353,20,safety_only
4,0.01,0.78,0.21,1082.5593657651557,21.24582969580454,20,safety_only
5,0.01,0.74,0.25,1138.6152171622548,23.53827339257691,20,safety_only
6,0.01,0.72,0.27,1199.77185746071,25.958900430768416,20,safety_only
7,0.01,0.68,0.31,1279.5912369883958,28.988524919343444,20,safety_only
8,0.01,0.68,0.31,1279.5912369883958,28.988524919343444,20,safety_only
9,0.01,0.68,0.31,1279.5912369883958,28.988524919343444,20,safety_only
10,0.01,0.66,0.33,1326.3833648178652,30.703974748646736,20,safety_only
11,0.01,0.66,0.33,1326.3833648178652,30.703974748646736,20,safety_only
12,0.01,0.66,0.33,1326.3833648178652,30.703974748646736,20,safety_only
13,0.01,0.66,0.33,1326.3833648178652,30.703974748646736,20,safety_only
14,0.01,0.66,0.33,1326.3833648178652,30.703974748646736,20,safety_only
0,0.0,0.94,0.06,1026.9269919872218,6.523110869445183,21,primitive_baseline
1,0.005,0.925,0.07,1023.9096980180173,7.119030046786772,21,primitive_baseline
2,0.015,0.915,0.07,1015.5178261527195,7.119030046786772,21,primitive_baseline
3,0.015,0.885,0.1,1043.209494784757,8.68315464182196,21,primitive_baseline
4,0.015,0.87,0.115,1073.696651391966,10.239504328791131,21,primitive_baseline
5,0.025,0.825,0.15,1114.9796903049564,13.73255419141841,21,primitive_baseline
6,0.025,0.775,0.2,1223.8116745901618,18.558918965587832,21,primitive_baseline
7,0.025,0.73,0.245,1359.5047302360845,24.145403738138178,21,primitive_baseline
8,0.025,0.69,0.285,1463.0533358153846,28.122996932502577,21,primitive_baseline
9,0.02,0.66,0.32,1521.2563489870688,30.85722245363573,21,primitive_baseline
10,0.02,0.63,0.35,1562.2305071974683,32.44788449422603,21,primitive_baseline
11,0.015,0.6,0.385,1630.9909745905159,35.476380627814414,21,primitive_baseline
12,0.015,0.585,0.4,1666.7237621778024,37.44695000223321,21,primitive_baseline
13,0.015,0.55,0.435,1705.289109394341,40.10836801428445,21,primitive_baseline
14,0.015,0.52,0.465,1739.7415530631567,43.69789413968347,21,primitive_baseline
15,0.015,0.5,0.485,1747.810740312274,45.13942322491876,21,primitive_baseline
16,0.015,0.47,0.515,1754.8247956705695,48.13034091716244,21,primitive_baseline
17,0.015,0.46,0.525,1752.5116165596196,49.87050643200262,21,primitive_baseline
18,0.015,0.445,0.54,1750.8148545019167,50.44672727872558,21,primitive_baseline
19,0.015,0.42,0.565,1742.2768310321796,52.26692845258016,21,primitive_baseline
20,0.015,0.405,0.58,1731.6783749020703,53.74766823243975,21,primitive_baseline
21,0.02,0.385,0.595,1681.092036133545,55.58544591071464,21,primitive_baseline
22,0.02,0.365,0.615,1662.9426603933769,57.06317860936838,21,primitive_baseline
23,0.025,0.34,0.635,1634.4635891046391,58.03549070806428,21,primitive_baseline
24,0.025,0.32,0.655,1593.488338620819,60.50193888083938,21,primitive_baseline
25,0.025,0.305,0.67,1578.6786256662822,61.282240815213946,21,primitive_baseline
26,0.02,0.295,0.685,1604.3639052653498,62.25319405176391,21,primitive_baseline
27,0.02,0.275,0.705,1578.4238357545441,63.48250139383579,21,primitive_baseline
28,0.02,0.265,0.715,1565.5068983616595,64.05515904622554,21,primitive_baseline
29,0.025,0.25,0.725,1514.393370284478,64.68493267102748,21,primitive_baseline
30,0.025,0.24,0.735,1510.5345165377973,64.8459866167105,21,primitive_baseline
31,0.025,0.225,0.75,1493.0730700155116,65.55263970954795,21,primitive_baseline
32,0.025,0.225,0.75,1493.0730700155116,65.55263970954795,21,primitive_baseline
33,0.025,0.22,0.755,1483.8748518443495,65.91403064798202,21,primitive_baseline
34,0.03,0.21,0.76,1455.77686427673,66.33809517170221,21,primitive_baseline
35,0.03,0.205,0.765,1445.8271490614484,66.71127228160313,21,primitive_baseline
36,0.03,0.2,0.77,1436.3749421109096,67.06200085153749,21,primitive_baseline
37,0.03,0.19,0.78,1408.5738197720552,68.0597145869739,21,primitive_baseline
38,0.03,0.185,0.785,1402.9770777910555,68.25339084526614,21,primitive_baseline
39,0.025,0.175,0.8,1360.6356538348361,69.86468623600686,21,primitive_baseline
40,0.025,0.155,0.82,1332.8876506682172,70.7465736156039,21,primitive_baseline
41,0.025,0.15,0.825,1327.7521608105797,70.90688570318014,21,primitive_baseline
42,0.025,0.135,0.84,1262.7016195157653,72.85464893859081,21,primitive_baseline
43,0.025,0.125,0.85,1257.1035678006524,73.01594887015214,21,primitive_baseline
44,0.025,0.11,0.865,1229.6820879579395,73.79345740370138,21,primitive_baseline
45,0.025,0.105,0.87,1218.4449434754888,74.10437458362011,21,primitive_baseline
46,0.025,0.1,0.875,1207.2580333650167,74.4131899578672,21,primitive_baseline
47,0.025,0.095,0.88,1196.2120309137742,74.712392867014,21,primitive_baseline
48,0.025,0.09,0.885,1193.6164230607571,74.78282308012885,21,primitive_baseline
49,0.025,0.085,0.89,1187.194081048703,74.95471107550748,21,primitive_baseline
50,0.025,0.08,0.895,1177.0475799452345,75.22518835832787,21,primitive_baseline
51,0.025,0.075,0.9,1163.0816826762004,75.59294422616874,21,primitive_baseline
52,0.025,0.075,0.9,1163.0816826762004,75.59294422616874,21,primitive_baseline
53,0.025,0.065,0.91,1152.2822035063828,75.87520777669596,21,primitive_baseline
54,0.025,0.06,0.915,1144.8437553886438,76.06859309677128,21,primitive_baseline
55,0.025,0.06,0.915,1144.8437553886438,76.06859309677128,21,primitive_baseline
56,0.025,0.06,0.915,1144.8437553886438,76.06859309677128,21,primitive_baseline
57,0.025,0.055,0.92,1144.0589493755392,76.08885495412537,21,primitive_baseline
58,0.025,0.05,0.925,1134.7657398315491,76.32941858838684,21,primitive_baseline
59,0.025,0.05,0.925,1134.7657398315491,76.32941858838684,21,primitive_baseline
60,0.025,0.05,0.925,1134.7657398315491,76.32941858838684,21,primitive_baseline
61,0.025,0.045,0.93,1109.185201034672,76.9836658418314,21,primitive_baseline
62,0.025,0.045,0.93,1109.185201034672,76.9836658418314,21,primitive_baseline
63,0.025,0.045,0.93,1109.185201034672,76.9836658418314,21,primitive_baseline
64,0.025,0.045,0.93,1109.185201034672,76.9836658418314,21,primitive_baseline
65,0.025,0.045,0.93,1109.185201034672,76.9836658418314,21,primitive_baseline
0,0.0,0.94,0.06,1026.9269919872218,6.523110869445183,21,safety_only
1,0.005,0.925,0.07,1023.9096980180173,7.119030046786772,21,safety_only
2,0.015,0.915,0.07,1015.5178261527195,7.119030046786772,21,safety_only
3,0.015,0.885,0.1,1043.209494784757,8.68315464182196,21,safety_only
4,0.015,0.87,0.115,1073.696651391966,10.239504328791131,21,safety_only
5,0.025,0.825,0.15,1114.9796903049564,13.73255419141841,21,safety_only
6,0.025,0.775,0.2,1223.8116745901618,18.558918965587832,21,safety_only
7,0.025,0.73,0.245,1359.5047302360845,24.145403738138178,21,safety_only
8,0.025,0.69,0.285,1463.0533358153846,28.122996932502577,21,safety_only
9,0.035,0.68,0.285,1416.5245642659927,28.122996932502577,21,safety_only
10,0.035,0.65,0.315,1459.4969640851853,29.737890497096355,21,safety_only
11,0.035,0.65,0.315,1459.4969640851853,29.737890497096355,21,safety_only
12,0.035,0.65,0.315,1459.4969640851853,29.737890497096355,21,safety_only
13,0.035,0.65,0.315,1459.4969640851853,29.737890497096355,21,safety_only
14,0.04,0.645,0.315,1434.5978704680954,29.737890497096355,21,safety_only
0,0.0,0.94,0.06,787.5582236655887,5.3669347240367955,22,primitive_baseline
1,0.01,0.925,0.065,741.5592931899976,5.679775820809208,22,primitive_baseline
2,0.01,0.925,0.065,741.5592931899976,5.679775820809208,22,primitive_baseline
3,0.01,0.925,0.065,770.8695652519485,7.561434570771085,22,primitive_baseline
4,0.015,0.9,0.085,784.9586214980793,8.816670265818122,22,primitive_baseline
5,0.015,0.855,0.13,899.0868285349876,14.314571846170216,22,primitive_baseline
6,0.02,0.82,0.16,957.0053300433902,17.279165720599664,22,primitive_baseline
7,0.03,0.775,0.195,982.1240522553549,19.204615175040146,22,primitive_baseline
8,0.03,0.725,0.245,1203.50944303992,27.97872034645161,22,primitive_baseline
9,0.03,0.695,0.275,1273.576632271858,30.532581671375237,22,primitive_baseline
10,0.03,0.665,0.305,1349.9304897099826,33.312331119942485,22,primitive_baseline
11,0.035,0.63,0.335,1363.3944796436842,34.81183646121002,22,primitive_baseline
12,0.035,0.605,0.36,1410.399711298095,37.004515434896916,22,primitive_baseline
13,0.035,0.585,0.38,1438.3715073110675,38.510970802641836,22,primitive_baseline
14,0.035,0.56,0.405,1470.390862036226,40.52182518518768,22,primitive_baseline
15,0.035,0.525,0.44,1497.2175093900619,42.61677420178575,22,primitive_baseline
16,0.035,0.495,0.47,1512.2525839872392,44.10818236676583,22,primitive_baseline
17,0.035,0.47,0.495,1525.8955971288478,45.885280604120545,22,primitive_baseline
18,0.035,0.445,0.52,1534.3001416908794,47.47175876382711,22,primitive_baseline
19,0.035,0.43,0.535,1536.5516776646023,48.0814364350184,22,primitive_baseline
20,0.035,0.405,0.56,1539.7580868807745,49.533335006769185,22,primitive_baseline
21,0.035,0.405,0.56,1539.7580868807745,49.533335006769185,22,primitive_baseline
22,0.035,0.37,0.595,1537.7441308735065,52.082112992044955,22,primitive_baseline
23,0.035,0.345,0.62,1532.827458459688,53.49043458866697,22,primitive_baseline
24,0.035,0.315,0.65,1514.307984182567,56.35592316868091,22,primitive_baseline
25,0.035,0.3,0.665,1481.5639137234302,59.4419124299081,22,primitive_baseline
26,0.035,0.29,0.675,1474.6212491932529,59.97101412786577,22,primitive_baseline
27,0.035,0.28,0.685,1467.0723609096785,60.51757654035181,22,primitive_baseline
28,0.035,0.27,0.695,1460.3860796284248,60.98299084647083,22,primitive_baseline
29,0.035,0.26,0.705,1442.3545620213288,62.14353421197712,22,primitive_baseline
30,0.035,0.235,0.73,1377.8197434051547,65.62248123842797,22,primitive_baseline
31,0.035,0.225,0.74,1345.2417127329845,67.11339116385324,22,primitive_baseline
32,0.035,0.21,0.755,1318.8761602164864,68.2458887284719,22,primitive_baseline
33,0.035,0.205,0.76,1309.001613373389,68.6544684955523,22,primitive_baseline
34,0.035,0.2,0.765,1305.0289393197522,68.81642702931586,22,primitive_baseline
35,0.035,0.19,0.775,1284.242910587075,69.64691313887101,22,primitive_baseline
36,0.035,0.18,0.785,1271.4899498374434,70.138332374398,22,primitive_baseline
37,0.035,0.165,0.8,1256.141866875327,70.71525282955452,22,primitive_baseline
38,0.035,0.16,0.805,1233.489356130907,71.53488107619154,22,primitive_baseline
39,0.035,0.16,0.805,1233.489356130907,71.53488107619154,22,primitive_baseline
40,0.035,0.145,0.82,1218.2587782376168,72.07054178265216,22,primitive_baseline
41,0.035,0.135,0.83,1175.068231653985,73.54146567710441,22,primitive_baseline
42,0.035,0.13,0.835,1156.3536042910866,74.15166744074348,22,primitive_baseline
43,0.035,0.12,0.845,1145.5978423681886,74.49511401374482,22,primitive_baseline
44,0.035,0.11,0.855,1120.6898603431885,75.27126732690007,22,primitive_baseline
45,0.035,0.1,0.865,1066.7729263315823,76.89833987330763,22,primitive_baseline
46,0.035,0.1,0.865,1066.7729263315823,76.89833987330763,22,primitive_baseline
47,0.035,0.085,0.88,1049.3596901287729,77.40470079505083,22,primitive_baseline
48,0.035,0.085,0.88,1049.3596901287729,77.40470079505083,22,primitive_baseline
49,0.035,0.085,0.88,1049.3596901287729,77.40470079505083,22,primitive_baseline
50,0.035,0.085,0.88,1049.3596901287729,77.40470079505083,22,primitive_baseline
51,0.035,0.08,0.885,1041.9171888132078,77.61978537764685,22,primitive_baseline
52,0.035,0.075,0.89,1030.8417061541522,77.93438539507684,22,primitive_baseline
53,0.035,0.075,0.89,1030.8417061541522,77.93438539507684,22,primitive_baseline
54,0.035,0.075,0.89,1030.8417061541522,77.93438539507684,22,primitive_baseline
55,0.035,0.055,0.91,1000.6348020665187,78.7817359432909,22,primitive_baseline
56,0.03,0.05,0.92,998.6564190511244,79.28908549348402,22,primitive_baseline
57,0.03,0.05,0.92,998.6564190511244,79.28908549348402,22,primitive_baseline
58,0.03,0.045,0.925,993.2540985426549,79.43561284518535,22,primitive_baseline
59,0.03,0.04,0.93,971.6053616584659,80.01685844761553,22,primitive_baseline
60,0.03,0.04,0.93,971.6053616584659,80.01685844761553,22,primitive_baseline
61,0.03,0.04,0.93,971.6053616584659,80.01685844761553,22,primitive_baseline
62,0.035,0.035,0.93,955.7315154404191,80.01685844761553,22,primitive_baseline
63,0.035,0.035,0.93,955.7315154404191,80.01685844761553,22,primitive_baseline
0,0.0,0.94,0.06,787.5582236655887,5.3669347240367955,22,safety_only
1,0.01,0.925,0.065,741.5592931899976,5.679775820809208,22,safety_only
2,0.01,0.925,0.065,741.5592931899976,5.679775820809208,22,safety_only
3,0.01,0.925,0.065,770.8695652519485,7.561434570771085,22,safety_only
4,0.015,0.9,0.085,784.9586214980793,8.816670265818122,22,safety_only
5,0.015,0.855,0.13,899.0868285349876,14.314571846170216,22,safety_only
6,0.02,0.82,0.16,957.0053300433902,17.279165720599664,22,safety_only
7,0.03,0.775,0.195,982.1240522553549,19.204615175040146,22,safety_only
8,0.03,0.725,0.245,1203.50944303992,27.97872034645161,22,safety_only
9,0.03,0.695,0.275,1273.576632271858,30.532581671375237,22,safety_only
10,0.04,0.685,0.275,1259.1118288371758,30.532581671375237,22,safety_only
11,0.05,0.68,0.27,1208.637020067034,30.40169779273937,22,safety_only
12,0.055,0.675,0.27,1205.1917604742882,30.40169779273937,22,safety_only
13,0.055,0.675,0.27,1205.1917604742882,30.40169779273937,22,safety_only
14,0.055,0.675,0.27,1205.1917604742882,30.40169779273937,22,safety_only
15,0.055,0.675,0.27,1205.1917604742882,30.40169779273937,22,safety_only
0,0.0,0.94,0.06,950.0464685630596,5.5207280146174575,23,primitive_baseline
1,0.005,0.935,0.06,938.9967819988827,5.5207280146174575,23,primitive_baseline
2,0.005,0.93,0.065,952.4820793359359,6.5531682351422855,23,primitive_baseline
3,0.01,0.905,0.085,983.13496528827,8.495949227515425,23,primitive_baseline
4,0.015,0.87,0.115,997.4372309516272,10.633399599117384,23,primitive_baseline
5,0.015,0.825,0.16,1101.3464974599049,15.577578619550515,23,primitive_baseline
6,0.02,0.79,0.19,1165.768464904638,19.683940566777196,23,primitive_baseline
7,0.02,0.745,0.235,1260.6123286987054,23.68613920679754,23,primitive_baseline
8,0.02,0.7,0.28,1352.5903998967165,27.36673907785319,23,primitive_baseline
9,0.025,0.665,0.31,1387.5620655642092,29.491778195267905,23,primitive_baseline
10,0.025,0.625,0.35,1475.3341739452035,32.77003596063561,23,primitive_baseline
11,0.025,0.6,0.375,1523.1063760869304,34.50171116130582,23,primitive_baseline
12,0.025,0.57,0.405,1576.3622584012694,36.6044560539419,23,primitive_baseline
13,0.025,0.55,0.425,1608.7625425874571,38.0483996717975,23,primitive_baseline
14,0.025,0.525,0.45,1683.1781088117677,42.15358709420889,23,primitive_baseline
15,0.025,0.52,0.455,1685.9517903739063,42.34141998483704,23,primitive_baseline
16,0.03,0.495,0.475,1696.207183639461,44.939935432623464,23,primitive_baseline
17,0.03,0.48,0.49,1711.9522100160762,46.68668264540695,23,primitive_baseline
18,0.03,0.46,0.51,1722.7947880839142,48.41079035675253,23,primitive_baseline
19,0.025,0.435,0.54,1763.5750451158442,49.7152312710383,23,primitive_baseline
20,0.025,0.43,0.545,1764.1797332717094,49.89835443616921,23,primitive_baseline
21,0.025,0.405,0.57,1766.601086364762,51.03869317815558,23,primitive_baseline
22,0.025,0.385,0.59,1767.1742400060718,51.82746474308467,23,primitive_baseline
23,0.03,0.36,0.61,1744.937507457889,53.89001969595169,23,primitive_baseline
24,0.03,0.355,0.615,1743.902828775964,54.19609475250485,23,primitive_baseline
25,0.03,0.335,0.635,1738.26341864885,55.44231992672017,23,primitive_baseline
26,0.03,0.325,0.645,1727.067071419782,57.11282477185827,23,primitive_baseline
27,0.03,0.305,0.665,1707.9182744413802,59.181625874892404,23,primitive_baseline
28,0.03,0.285,0.685,1670.445001961972,61.01966756986374,23,primitive_baseline
29,0.03,0.265,0.705,1642.3134691614146,62.90228562882534,23,primitive_baseline
30,0.03,0.245,0.725,1613.4768372840128,64.56060844226559,23,primitive_baseline
31,0.03,0.24,0.73,1597.961008862324,65.3696927121272,23,primitive_baseline
32,0.03,0.235,0.735,1597.3666834127253,65.39988891741658,23,primitive_baseline
33,0.03,0.225,0.745,1558.7200894198265,67.24855522407269,23,primitive_baseline
34,0.03,0.215,0.755,1536.8480580281805,68.20890203390715,23,primitive_baseline
35,0.03,0.21,0.76,1525.957627908064,68.6652897219426,23,primitive_baseline
36,0.03,0.205,0.765,1508.3680077951703,69.38280106928035,23,primitive_baseline
37,0.03,0.205,0.765,1508.3680077951703,69.38280106928035,23,primitive_baseline
38,0.03,0.18,0.79,1459.175765390699,71.2551291382279,23,primitive_baseline
39,0.03,0.17,0.8,1454.6977707906838,71.41665829141643,23,primitive_baseline
40,0.03,0.16,0.81,1432.1122707784718,72.22059153053566,23,primitive_baseline
41,0.03,0.15,0.82,1394.2346586828587,73.5027958609103,23,primitive_baseline
42,0.03,0.135,0.835,1358.4843281751903,74.64659850092016,23,primitive_baseline
43,0.03,0.13,0.84,1352.8117894323025,74.82453762083912,23,primitive_baseline
44,0.03,0.13,0.84,1352.8117894323025,74.82453762083912,23,primitive_baseline
45,0.03,0.125,0.845,1306.8278044788476,76.2216159627555,23,primitive_baseline
46,0.03,0.12,0.85,1300.0220264556506,76.42164671699993,23,primitive_baseline
47,0.03,0.115,0.855,1272.4957233265113,77.21883833834613,23,primitive_baseline
48,0.03,0.11,0.86,1259.4402942798822,77.58921734887542,23,primitive_baseline
49,0.03,0.11,0.86,1259.4402942798822,77.58921734887542,23,primitive_baseline
50,0.035,0.1,0.865,1231.0449342552793,77.75650386202648,23,primitive_baseline
51,0.035,0.09,0.875,1208.3144726748271,78.38380598832583,23,primitive_baseline
52,0.035,0.08,0.885,1199.7578407273886,78.6161613940877,23,primitive_baseline
53,0.035,0.075,0.89,1191.7363961399697,78.8332461565061,23,primitive_baseline
54,0.035,0.075,0.89,1191.7363961399697,78.8332461565061,23,primitive_baseline
55,0.035,0.07,0.895,1184.026079491411,79.04084819583082,23,primitive_baseline
56,0.035,0.07,0.895,1184.026079491411,79.04084819583082,23,primitive_baseline
57,0.035,0.07,0.895,1184.026079491411,79.04084819583082,23,primitive_baseline
58,0.035,0.07,0.895,1184.026079491411,79.04084819583082,23,primitive_baseline
59,0.035,0.06,0.905,1165.8310376169338,79.52514971866623,23,primitive_baseline
60,0.035,0.06,0.905,1165.8310376169338,79.52514971866623,23,primitive_baseline
61,0.035,0.055,0.91,1159.4049495117233,79.69439478196975,23,primitive_baseline
62,0.035,0.05,0.915,1153.6051736272448,79.84662178517404,23,primitive_baseline
63,0.035,0.045,0.92,1147.0090578304134,80.01707735655829,23,primitive_baseline
64,0.035,0.045,0.92,1147.0090578304134,80.01707735655829,23,primitive_baseline
65,0.035,0.04,0.925,1144.1510581839416,80.09069691087302,23,primitive_baseline
66,0.035,0.04,0.925,1144.1510581839416,80.09069691087302,23,primitive_baseline
67,0.035,0.04,0.925,1144.1510581839416,80.09069691087302,23,primitive_baseline
68,0.035,0.035,0.93,1139.004318828388,80.22347406279943,23,primitive_baseline
69,0.035,0.035,0.93,1139.004318828388,80.22347406279943,23,primitive_baseline
70,0.035,0.025,0.94,1116.643074303417,80.79539624534934,23,primitive_baseline
71,0.035,0.02,0.945,1106.5154985766703,81.04977333250278,23,primitive_baseline
72,0.035,0.015,0.95,1088.0659074207292,81.50882418776257,23,primitive_baseline
73,0.035,0.015,0.95,1088.0659074207292,81.50882418776257,23,primitive_baseline
74,0.035,0.01,0.955,1068.081784469011,82.00057173447749,23,primitive_baseline
75,0.035,0.01,0.955,1068.081784469011,82.00057173447749,23,primitive_baseline
76,0.035,0.01,0.955,1068.081784469011,82.00057173447749,23,primitive_baseline
77,0.035,0.01,0.955,1068.081784469011,82.00057173447749,23,primitive_baseline
78,0.035,0.01,0.955,1068.081784469011,82.00057173447749,23,primitive_baseline
0,0.0,0.94,0.06,950.0464685630596,5.5207280146174575,23,safety_only
1,0.005,0.935,0.06,938.9967819988827,5.5207280146174575,23,safety_only
2,0.005,0.93,0.065,952.4820793359359,6.5531682351422855,23,safety_only
3,0.01,0.905,0.085,983.13496528827,8.495949227515425,23,safety_only
4,0.015,0.87,0.115,997.4372309516272,10.633399599117384,23,safety_only
5,0.015,0.825,0.16,1101.3464974599049,15.577578619550515,23,safety_only
6,0.02,0.79,0.19,1165.768464904638,19.683940566777196,23,safety_only
7,0.02,0.745,0.235,1260.6123286987054,23.68613920679754,23,safety_only
8,0.02,0.7,0.28,1352.5903998967165,27.36673907785319,23,safety_only
9,0.025,0.665,0.31,1387.5620655642092,29.491778195267905,23,safety_only
10,0.025,0.625,0.35,1475.3341739452035,32.77003596063561,23,safety_only
11,0.03,0.62,0.35,1465.0628198914558,32.77003596063561,23,safety_only
12,0.03,0.62,0.35,1465.0628198914558,32.77003596063561,23,safety_only
13,0.03,0.62,0.35,1465.0628198914558,32.77003596063561,23,safety_only
14,0.03,0.62,0.35,1465.0628198914558,32.77003596063561,23,safety_only
0,0.0,0.94,0.06,1031.5597568773285,4.997562419173592,24,primitive_baseline
1,0.005,0.935,0.06,1023.42203519494,4.997562419173592,24,primitive_baseline
2,0.03,0.91,0.06,985.5334505852445,4.997562419173592,24,primitive_baseline
3,0.03,0.91,0.06,985.5334505852445,4.997562419173592,24,primitive_baseline
4,0.04,0.9,0.06,966.9543437417403,4.997562419173592,24,primitive_baseline
0,0.0,0.94,0.06,1031.5597568773285,4.997562419173592,24,safety_only
1,0.005,0.935,0.06,1023.42203519494,4.997562419173592,24,safety_only
2,0.03,0.91,0.06,985.5334505852445,4.997562419173592,24,safety_only
3,0.03,0.91,0.06,985.5334505852445,4.997562419173592,24,safety_only
4,0.04,0.9,0.06,966.9543437417403,4.997562419173592,24,safety_only
0,0.0,0.94,0.06,961.6404389933974,3.6391022368658703,25,primitive_baseline
1,0.005,0.935,0.06,953.0389649526604,3.6391022368658703,25,primitive_baseline
2,0.005,0.935,0.06,953.0389649526604,3.6391022368658703,25,primitive_baseline
3,0.005,0.935,0.06,953.0389649526604,3.6391022368658703,25,primitive_baseline
4,0.015,0.93,0.055,918.1116082880392,3.1815325313973175,25,primitive_baseline
5,0.015,0.935,0.05,918.5939607900368,3.085728033839307,25,primitive_baseline
6,0.015,0.935,0.05,918.5939607900368,3.085728033839307,25,primitive_baseline
7,0.02,0.93,0.05,906.8398557065962,3.085728033839307,25,primitive_baseline
8,0.02,0.93,0.05,906.8398557065962,3.085728033839307,25,primitive_baseline
9,0.02,0.935,0.045,917.1474432422165,2.1860591836385512,25,primitive_baseline
10,0.02,0.945,0.035,929.6776007434672,1.6392427203448274,25,primitive_baseline
11,0.02,0.945,0.035,929.6776007434672,1.6392427203448274,25,primitive_baseline
12,0.025,0.94,0.035,912.6460548319197,1.6392427203448274,25,primitive_baseline
13,0.025,0.945,0.03,931.1823213295846,1.1004583789238724,25,primitive_baseline
14,0.025,0.945,0.03,931.1823213295846,1.1004583789238724,25,primitive_baseline
15,0.025,0.945,0.03,931.1823213295846,1.1004583789238724,25,primitive_baseline
16,0.025,0.945,0.03,931.1823213295846,1.1004583789238724,25,primitive_baseline
17,0.025,0.945,0.03,931.1823213295846,1.1004583789238724,25,primitive_baseline
0,0.0,0.94,0.06,961.6404389933974,3.6391022368658703,25,safety_only
1,0.005,0.935,0.06,953.0389649526604,3.6391022368658703,25,safety_only
2,0.005,0.935,0.06,953.0389649526604,3.6391022368658703,25,safety_only
3,0.005,0.935,0.06,953.0389649526604,3.6391022368658703,25,safety_only
4,0.015,0.93,0.055,918.1116082880392,3.1815325313973175,25,safety_only
5,0.015,0.935,0.05,918.5939607900368,3.085728033839307,25,safety_only
6,0.015,0.935,0.05,918.5939607900368,3.085728033839307,25,safety_only
7,0.02,0.93,0.05,906.8398557065962,3.085728033839307,25,safety_only
8,0.02,0.93,0.05,906.8398557065962,3.085728033839307,25,safety_only
9,0.02,0.935,0.045,917.1474432422165,2.1860591836385512,25,safety_only
10,0.02,0.945,0.035,929.6776007434672,1.6392427203448274,25,safety_only
11,0.02,0.945,0.035,929.6776007434672,1.6392427203448274,25,safety_only
12,0.025,0.94,0.035,912.6460548319197,1.6392427203448274,25,safety_only
13,0.025,0.945,0.03,931.1823213295846,1.1004583789238724,25,safety_only
14,0.025,0.945,0.03,931.1823213295846,1.1004583789238724,25,safety_only
15,0.025,0.945,0.03,931.1823213295846,1.1004583789238724,25,safety_only
16,0.025,0.945,0.03,931.1823213295846,1.1004583789238724,25,safety_only
17,0.025,0.945,0.03,931.1823213295846,1.1004583789238724,25,safety_only
0,0.0,0.94,0.06,867.3600365373961,5.335363051260898,26,primitive_baseline
1,0.01,0.93,0.06,850.1097956196021,5.0088284617642405,26,primitive_baseline
2,0.01,0.935,0.055,844.727752026879,4.381596375392048,26,primitive_baseline
3,0.01,0.935,0.055,844.727752026879,4.381596375392048,26,primitive_baseline
4,0.02,0.935,0.045,809.1143231876183,3.4352636075118803,26,primitive_baseline
5,0.02,0.935,0.045,809.1143231876183,3.4352636075118803,26,primitive_baseline
6,0.03,0.925,0.045,777.3601049385667,3.4352636075118803,26,primitive_baseline
7,0.03,0.925,0.045,777.3601049385667,3.4352636075118803,26,primitive_baseline
8,0.04,0.92,0.04,767.4652388440012,3.1487211293755575,26,primitive_baseline
9,0.04,0.92,0.04,767.4652388440012,3.1487211293755575,26,primitive_baseline
10,0.045,0.925,0.03,768.1151683979173,2.3087556044548423,26,primitive_baseline
11,0.05,0.92,0.03,766.0103492204902,2.3087556044548423,26,primitive_baseline
12,0.05,0.92,0.03,766.0103492204902,2.3087556044548423,26,primitive_baseline
13,0.055,0.915,0.03,761.3349687714199,2.3087556044548423,26,primitive_baseline
14,0.055,0.915,0.03,761.3349687714199,2.3087556044548423,26,primitive_baseline
0,0.0,0.94,0.06,867.3600365373961,5.335363051260898,26,safety_only
1,0.01,0.93,0.06,850.1097956196021,5.0088284617642405,26,safety_only
2,0.01,0.935,0.055,844.727752026879,4.381596375392048,26,safety_only
3,0.01,0.935,0.055,844.727752026879,4.381596375392048,26,safety_only
4,0.02,0.935,0.045,809.1143231876183,3.4352636075118803,26,safety_only
5,0.02,0.935,0.045,809.1143231876183,3.4352636075118803,26,safety_only
6,0.03,0.925,0.045,777.3601049385667,3.4352636075118803,26,safety_only
7,0.03,0.925,0.045,777.3601049385667,3.4352636075118803,26,safety_only
8,0.04,0.92,0.04,767.4652388440012,3.1487211293755575,26,safety_only
9,0.04,0.92,0.04,767.4652388440012,3.1487211293755575,26,safety_only
10,0.045,0.925,0.03,768.1151683979173,2.3087556044548423,26,safety_only
11,0.05,0.92,0.03,766.0103492204902,2.3087556044548423,26,safety_only
12,0.05,0.92,0.03,766.0103492204902,2.3087556044548423,26,safety_only
13,0.055,0.915,0.03,761.3349687714199,2.3087556044548423,26,safety_only
14,0.055,0.915,0.03,761.3349687714199,2.3087556044548423,26,safety_only
0,0.0,0.94,0.06,949.876224835848,7.17358830502874,27,primitive_baseline
1,0.0,0.93,0.07,960.4845458515821,7.785608345213746,27,primitive_baseline
2,0.005,0.91,0.085,969.8333134538027,8.784506808689978,27,primitive_baseline
3,0.005,0.875,0.12,1094.5675381324431,14.721376338824506,27,primitive_baseline
4,0.005,0.825,0.17,1206.889082778916,19.551564755984202,27,primitive_baseline
5,0.01,0.78,0.21,1277.0396008700247,23.234030513189133,27,primitive_baseline
6,0.01,0.745,0.245,1335.47232934134,25.51755740122109,27,primitive_baseline
7,0.015,0.7,0.285,1390.5623084019905,28.10806756144555,27,primitive_baseline
8,0.015,0.675,0.31,1454.2933109095363,30.441740079028182,27,primitive_baseline
9,0.015,0.64,0.345,1575.6517154626674,34.67940009443636,27,primitive_baseline
10,0.02,0.61,0.37,1604.4995758930302,36.7291400682506,27,primitive_baseline
11,0.02,0.585,0.395,1707.5483795749303,40.5012252732549,27,primitive_baseline
12,0.02,0.565,0.415,1739.31832878184,41.861506105786034,27,primitive_baseline
13,0.02,0.535,0.445,1790.7016895855268,44.38118982481662,27,primitive_baseline
14,0.02,0.515,0.465,1804.279276246262,45.13918406302102,27,primitive_baseline
15,0.02,0.485,0.495,1819.3580748614304,46.04525615852134,27,primitive_baseline
16,0.02,0.455,0.525,1842.751940468204,47.62332051945896,27,primitive_baseline
17,0.02,0.445,0.535,1851.782392751311,48.31570668733242,27,primitive_baseline
18,0.02,0.42,0.56,1877.3540691939143,50.686728012619,27,primitive_baseline
19,0.02,0.41,0.57,1880.1096291264375,51.00038263635068,27,primitive_baseline
20,0.025,0.39,0.585,1868.6285178977791,52.01236063596779,27,primitive_baseline
21,0.025,0.37,0.605,1875.8355775068997,53.19788316988759,27,primitive_baseline
22,0.025,0.355,0.62,1883.9394476948894,55.43805872239308,27,primitive_baseline
23,0.025,0.33,0.645,1885.306700742103,57.29624277016935,27,primitive_baseline
24,0.025,0.3,0.675,1881.5165112232003,59.16862848933786,27,primitive_baseline
25,0.025,0.28,0.695,1872.8189937727188,61.08848888635724,27,primitive_baseline
26,0.025,0.27,0.705,1868.6771477947004,61.75398922034314,27,primitive_baseline
27,0.025,0.255,0.72,1856.4794397387318,63.31410389099711,27,primitive_baseline
28,0.025,0.245,0.73,1843.5262618417294,64.63505377137187,27,primitive_baseline
29,0.025,0.23,0.745,1830.3175425582494,65.7827187030792,27,primitive_baseline
30,0.025,0.215,0.76,1822.5403199806524,66.39280627563788,27,primitive_baseline
31,0.025,0.205,0.77,1815.2258835354967,66.93710075208746,27,primitive_baseline
32,0.025,0.19,0.785,1799.9335760822387,67.99698805430072,27,primitive_baseline
33,0.025,0.19,0.785,1799.9335760822387,67.99698805430072,27,primitive_baseline
34,0.025,0.185,0.79,1796.5004474289685,68.224215979941,27,primitive_baseline
35,0.025,0.16,0.815,1765.991962503045,70.06449215113904,27,primitive_baseline
36,0.025,0.155,0.82,1754.6336195168801,70.68572744448254,27,primitive_baseline
37,0.025,0.145,0.83,1746.3529726060951,71.12504466203305,27,primitive_baseline
38,0.025,0.135,0.84,1735.3500413417917,71.69116757236097,27,primitive_baseline
39,0.025,0.125,0.85,1702.930054657279,73.23576786603292,27,primitive_baseline
40,0.025,0.115,0.86,1688.3500020514339,73.89699525542433,27,primitive_baseline
41,0.025,0.105,0.87,1670.9257482259789,74.65898344870783,27,primitive_baseline
42,0.025,0.1,0.875,1670.4536698559705,74.67925665034016,27,primitive_baseline
43,0.02,0.1,0.88,1677.301935316058,75.04160369129758,27,primitive_baseline
44,0.02,0.1,0.88,1677.301935316058,75.04160369129758,27,primitive_baseline
45,0.02,0.1,0.88,1677.301935316058,75.04160369129758,27,primitive_baseline
46,0.02,0.095,0.885,1673.2831532623343,75.20881264224933,27,primitive_baseline
47,0.02,0.085,0.895,1659.7225172626045,75.76890594327489,27,primitive_baseline
48,0.02,0.085,0.895,1659.7225172626045,75.76890594327489,27,primitive_baseline
49,0.02,0.075,0.905,1641.6747043523426,76.49105613676986,27,primitive_baseline
50,0.02,0.06,0.92,1622.0425238869982,77.24200478737905,27,primitive_baseline
51,0.02,0.06,0.92,1622.0425238869982,77.24200478737905,27,primitive_baseline
52,0.02,0.055,0.925,1617.294069257221,77.4197827006551,27,primitive_baseline
53,0.02,0.055,0.925,1617.294069257221,77.4197827006551,27,primitive_baseline
54,0.02,0.045,0.935,1596.874882204497,78.17714103276208,27,primitive_baseline
55,0.02,0.04,0.94,1594.312243235439,78.26953391054462,27,primitive_baseline
56,0.02,0.035,0.945,1588.119314264751,78.4928020404972,27,primitive_baseline
57,0.02,0.03,0.95,1574.0662159594328,78.98842008725963,27,primitive_baseline
58,0.02,0.03,0.95,1574.0662159594328,78.98842008725963,27,primitive_baseline
59,0.02,0.02,0.96,1544.0134570416938,80.02784946429264,27,primitive_baseline
60,0.02,0.02,0.96,1544.0134570416938,80.02784946429264,27,primitive_baseline
61,0.02,0.02,0.96,1544.0134570416938,80.02784946429264,27,primitive_baseline
62,0.02,0.02,0.96,1544.0134570416938,80.02784946429264,27,primitive_baseline
63,0.02,0.02,0.96,1544.0134570416938,80.02784946429264,27,primitive_baseline
0,0.0,0.94,0.06,949.876224835848,7.17358830502874,27,safety_only
1,0.0,0.93,0.07,960.4845458515821,7.785608345213746,27,safety_only
2,0.005,0.91,0.085,969.8333134538027,8.784506808689978,27,safety_only
3,0.005,0.875,0.12,1094.5675381324431,14.721376338824506,27,safety_only
4,0.005,0.825,0.17,1206.889082778916,19.551564755984202,27,safety_only
5,0.01,0.78,0.21,1277.0396008700247,23.234030513189133,27,safety_only
6,0.01,0.745,0.245,1335.47232934134,25.51755740122109,27,safety_only
7,0.015,0.7,0.285,1390.5623084019905,28.10806756144555,27,safety_only
8,0.015,0.675,0.31,1454.2933109095363,30.441740079028182,27,safety_only
9,0.015,0.64,0.345,1575.6517154626674,34.67940009443636,27,safety_only
10,0.02,0.61,0.37,1604.4995758930302,36.7291400682506,27,safety_only
11,0.025,0.605,0.37,1596.5376848130156,36.7291400682506,27,safety_only
12,0.025,0.605,0.37,1596.5376848130156,36.7291400682506,27,safety_only
13,0.03,0.6,0.37,1592.7762643969593,36.7291400682506,27,safety_only
14,0.035,0.595,0.37,1546.6706419464924,36.7291400682506,27,safety_only
0,0.0,0.94,0.06,931.4863180079863,6.676683069662157,28,primitive_baseline
1,0.0,0.92,0.08,953.6471040887508,7.844462213211356,28,primitive_baseline
2,0.0,0.885,0.115,1023.4187038742335,11.098024377223192,28,primitive_baseline
3,0.005,0.835,0.16,1104.6563594740476,15.926560053336022,28,primitive_baseline
4,0.005,0.795,0.2,1170.0834012685361,18.552589662186616,28,primitive_baseline
5,0.005,0.745,0.25,1314.8695676385692,24.015461796432223,28,primitive_baseline
6,0.015,0.71,0.275,1316.4386837255577,25.956670033893047,28,primitive_baseline
7,0.015,0.665,0.32,1548.6499646014104,33.86563754893763,28,primitive_baseline
8,0.015,0.645,0.34,1594.6207844395349,35.56575576161209,28,primitive_baseline
9,0.015,0.605,0.38,1663.0840823516746,38.45190659839782,28,primitive_baseline
10,0.015,0.58,0.405,1679.6520369738746,39.242221334239915,28,primitive_baseline
11,0.015,0.55,0.435,1722.5891542473023,41.53984410557164,28,primitive_baseline
12,0.015,0.525,0.46,1756.9605552129292,43.78337627785056,28,primitive_baseline
13,0.015,0.48,0.505,1806.8231684802481,48.6710044247624,28,primitive_baseline
14,0.015,0.455,0.53,1816.9776257551168,50.498552208881065,28,primitive_baseline
15,0.015,0.425,0.56,1823.4798277991467,53.73476401673307,28,primitive_baseline
16,0.02,0.4,0.58,1809.244730148147,54.37069109664941,28,primitive_baseline
17,0.025,0.37,0.605,1778.9820879261647,55.41409954561787,28,primitive_baseline
18,0.025,0.36,0.615,1778.4745895203464,55.59025882127355,28,primitive_baseline
19,0.03,0.34,0.63,1751.8356438404855,57.41841904013439,28,primitive_baseline
20,0.035,0.325,0.64,1700.61257746209,57.938777485093794,28,primitive_baseline
21,0.035,0.305,0.66,1690.7925055306237,59.249860991650976,28,primitive_baseline
22,0.035,0.29,0.675,1687.5882034208098,59.62048971992511,28,primitive_baseline
23,0.035,0.27,0.695,1677.6228975504823,60.67650041177495,28,primitive_baseline
24,0.035,0.26,0.705,1672.540505902848,61.17518929555261,28,primitive_baseline
25,0.035,0.235,0.73,1654.4212634789983,62.72515009695823,28,primitive_baseline
26,0.035,0.22,0.745,1628.178850610055,64.63680819705448,28,primitive_baseline
27,0.035,0.21,0.755,1624.566189218864,64.8770699827234,28,primitive_baseline
28,0.035,0.2,0.765,1619.7790901248914,65.186854582755,28,primitive_baseline
29,0.035,0.195,0.77,1611.920871263037,65.67769269289991,28,primitive_baseline
30,0.035,0.19,0.775,1598.5624139323793,66.48610887873059,28,primitive_baseline
31,0.035,0.175,0.79,1592.168667638829,66.85389665209138,28,primitive_baseline
32,0.04,0.17,0.79,1582.6738181104743,66.85389665209138,28,primitive_baseline
33,0.04,0.165,0.795,1577.3367427713893,67.15500770665322,28,primitive_baseline
34,0.04,0.145,0.815,1536.892835638599,69.25959390423235,28,primitive_baseline
35,0.04,0.135,0.825,1530.2483418200857,69.57985878890409,28,primitive_baseline
36,0.04,0.135,0.825,1530.2483418200857,69.57985878890409,28,primitive_baseline
37,0.04,0.13,0.83,1521.4736678962017,70.00014695464256,28,primitive_baseline
38,0.04,0.125,0.835,1520.136649044245,70.06253210262717,28,primitive_baseline
39,0.04,0.125,0.835,1520.136649044245,70.06253210262717,28,primitive_baseline
40,0.04,0.12,0.84,1512.197399825019,70.42688686643208,28,primitive_baseline
41,0.04,0.11,0.85,1491.129183908512,71.37167796383838,28,primitive_baseline
42,0.04,0.105,0.855,1485.0411540772814,71.63925200726642,28,primitive_baseline
43,0.04,0.1,0.86,1472.989267688102,72.15512015820951,28,primitive_baseline
44,0.04,0.09,0.87,1457.6530718440342,72.79811441530106,28,primitive_baseline
45,0.04,0.08,0.88,1442.0816977504492,73.43212074829071,28,primitive_baseline
46,0.04,0.08,0.88,1442.0816977504492,73.43212074829071,28,primitive_baseline
47,0.04,0.065,0.895,1425.8997919012033,74.07225585133129,28,primitive_baseline
48,0.04,0.045,0.915,1405.4737324810685,74.85336130036083,28,primitive_baseline
49,0.04,0.045,0.915,1405.4737324810685,74.85336130036083,28,primitive_baseline
50,0.04,0.045,0.915,1405.4737324810685,74.85336130036083,28,primitive_baseline
51,0.04,0.045,0.915,1405.4737324810685,74.85336130036083,28,primitive_baseline
52,0.04,0.045,0.915,1405.4737324810685,74.85336130036083,28,primitive_baseline
0,0.0,0.94,0.06,931.4863180079863,6.676683069662157,28,safety_only
1,0.0,0.92,0.08,953.6471040887508,7.844462213211356,28,safety_only
2,0.0,0.885,0.115,1023.4187038742335,11.098024377223192,28,safety_only
3,0.005,0.835,0.16,1104.6563594740476,15.926560053336022,28,safety_only
4,0.005,0.795,0.2,1170.0834012685361,18.552589662186616,28,safety_only
5,0.005,0.745,0.25,1314.8695676385692,24.015461796432223,28,safety_only
6,0.015,0.71,0.275,1316.4386837255577,25.956670033893047,28,safety_only
7,0.02,0.705,0.275,1309.3224330645915,25.956670033893047,28,safety_only
8,0.02,0.68,0.3,1369.4669182491007,28.086895221409403,28,safety_only
9,0.02,0.64,0.34,1458.391313027616,31.103025948383628,28,safety_only
10,0.025,0.635,0.34,1448.1526053054465,31.103025948383628,28,safety_only
11,0.03,0.63,0.34,1427.2155077099237,31.103025948383628,28,safety_only
12,0.035,0.625,0.34,1413.099937035443,31.103025948383628,28,safety_only
13,0.035,0.625,0.34,1413.099937035443,31.103025948383628,28,safety_only
0,0.0,0.94,0.06,1099.8883435125904,8.171667175452075,29,primitive_baseline
1,0.0,0.925,0.075,1138.529538790185,10.107628399851533,29,primitive_baseline
2,0.01,0.885,0.105,1162.6204758437207,13.12079247483371,29,primitive_baseline
3,0.015,0.845,0.14,1236.174650428956,16.63733694857777,29,primitive_baseline
4,0.015,0.81,0.175,1304.9712964386238,19.529746973293044,29,primitive_baseline
5,0.015,0.775,0.21,1402.4383513848989,23.426586237564933,29,primitive_baseline
6,0.015,0.735,0.25,1475.273635927183,26.208109768240774,29,primitive_baseline
7,0.015,0.685,0.3,1607.9765241861348,31.014832526915377,29,primitive_baseline
8,0.02,0.65,0.33,1680.5082878075032,33.98315146656519,29,primitive_baseline
9,0.02,0.615,0.365,1744.3815496680647,36.66268720429183,29,primitive_baseline
10,0.02,0.585,0.395,1827.3756531375636,41.2268145393109,29,primitive_baseline
11,0.02,0.555,0.425,1853.776639978632,43.24438008421633,29,primitive_baseline
12,0.02,0.53,0.45,1871.2413325291134,44.95312543853748,29,primitive_baseline
13,0.02,0.505,0.475,1884.5096119108155,46.66462927409444,29,primitive_baseline
14,0.02,0.465,0.515,1897.8219088760827,50.41194708243417,29,primitive_baseline
15,0.025,0.445,0.53,1890.2534073128904,51.98448235967875,29,primitive_baseline
16,0.025,0.415,0.56,1886.4197831387032,53.471521471110236,29,primitive_baseline
17,0.025,0.4,0.575,1879.2387840388305,55.00568582616275,29,primitive_baseline
18,0.03,0.37,0.6,1822.5252312195166,56.34716501379123,29,primitive_baseline
19,0.03,0.345,0.625,1808.987192757738,57.83899636961436,29,primitive_baseline
20,0.03,0.33,0.64,1793.3702991589782,59.23207712071605,29,primitive_baseline
21,0.03,0.32,0.65,1788.8164370684422,60.51813268168179,29,primitive_baseline
22,0.03,0.29,0.68,1760.2824151702596,62.405060655983846,29,primitive_baseline
23,0.03,0.285,0.685,1751.2864751053107,62.93796369508658,29,primitive_baseline
24,0.03,0.28,0.69,1749.2646088888785,63.05468059551738,29,primitive_baseline
25,0.03,0.265,0.705,1743.304249822816,63.3949057296624,29,primitive_baseline
26,0.03,0.25,0.72,1725.3977319101168,64.36566958151758,29,primitive_baseline
27,0.035,0.235,0.73,1678.4916750159568,64.92592411618725,29,primitive_baseline
28,0.035,0.21,0.755,1643.1789184804647,66.60113250660764,29,primitive_baseline
29,0.035,0.205,0.76,1637.0237972386249,66.87550171662281,29,primitive_baseline
30,0.035,0.195,0.77,1618.8438836290766,67.66662938266299,29,primitive_baseline
31,0.035,0.175,0.79,1588.8062502082842,68.9017083092642,29,primitive_baseline
32,0.035,0.165,0.8,1573.2935619358068,69.51282796977681,29,primitive_baseline
33,0.035,0.155,0.81,1563.66031731323,69.88186412512161,29,primitive_baseline
34,0.035,0.145,0.82,1546.0898246917156,70.53867409534726,29,primitive_baseline
35,0.035,0.13,0.835,1522.2210886263802,71.40350844350237,29,primitive_baseline
36,0.035,0.125,0.84,1511.4402426066854,71.77999963109392,29,primitive_baseline
37,0.035,0.115,0.85,1504.4984710589006,72.01942795233629,29,primitive_baseline
38,0.035,0.11,0.855,1485.9932852928957,72.65270214317161,29,primitive_baseline
39,0.035,0.11,0.855,1485.9932852928957,72.65270214317161,29,primitive_baseline
40,0.035,0.11,0.855,1485.9932852928957,72.65270214317161,29,primitive_baseline
41,0.035,0.11,0.855,1485.9932852928957,72.65270214317161,29,primitive_baseline
42,0.035,0.1,0.865,1463.464706738486,73.39694926290315,29,primitive_baseline
43,0.035,0.095,0.87,1448.5297307800415,73.87744710166382,29,primitive_baseline
44,0.035,0.09,0.875,1426.4921206304202,74.56962252975828,29,primitive_baseline
45,0.035,0.09,0.875,1426.4921206304202,74.56962252975828,29,primitive_baseline
46,0.035,0.085,0.88,1413.439658957749,74.97601268744395,29,primitive_baseline
47,0.035,0.08,0.885,1410.2342091868634,75.07397532935619,29,primitive_baseline
48,0.035,0.08,0.885,1410.2342091868634,75.07397532935619,29,primitive_baseline
49,0.035,0.075,0.89,1401.5214021024474,75.33853279227714,29,primitive_baseline
50,0.035,0.075,0.89,1401.5214021024474,75.33853279227714,29,primitive_baseline
51,0.035,0.075,0.89,1401.5214021024474,75.33853279227714,29,primitive_baseline
52,0.035,0.06,0.905,1385.277185968995,75.82749983371909,29,primitive_baseline
53,0.035,0.055,0.91,1378.3680533342301,76.03157238227912,29,primitive_baseline
54,0.035,0.055,0.91,1378.3680533342301,76.03157238227912,29,primitive_baseline
55,0.035,0.05,0.915,1362.0056320140382,76.51478160358472,29,primitive_baseline
56,0.035,0.05,0.915,1362.0056320140382,76.51478160358472,29,primitive_baseline
57,0.035,0.05,0.915,1362.0056320140382,76.51478160358472,29,primitive_baseline
58,0.035,0.035,0.93,1341.2988645842443,77.11067608756878,29,primitive_baseline
59,0.035,0.035,0.93,1341.2988645842443,77.11067608756878,29,primitive_baseline
60,0.035,0.025,0.94,1337.3033619299456,77.2240897169227,29,primitive_baseline
61,0.035,0.025,0.94,1337.3033619299456,77.2240897169227,29,primitive_baseline
62,0.035,0.02,0.945,1327.4335256585623,77.5026612464888,29,primitive_baseline
63,0.035,0.02,0.945,1327.4335256585623,77.5026612464888,29,primitive_baseline
64,0.035,0.015,0.95,1308.296852856682,78.0388310927938,29,primitive_baseline
65,0.035,0.015,0.95,1308.296852856682,78.0388310927938,29,primitive_baseline
66,0.035,0.015,0.95,1308.296852856682,78.0388310927938,29,primitive_baseline
67,0.035,0.015,0.95,1308.296852856682,78.0388310927938,29,primitive_baseline
68,0.035,0.01,0.955,1282.616543639192,78.74348062817316,29,primitive_baseline
69,0.035,0.01,0.955,1282.616543639192,78.74348062817316,29,primitive_baseline
70,0.035,0.01,0.955,1282.616543639192,78.74348062817316,29,primitive_baseline
71,0.035,0.01,0.955,1282.616543639192,78.74348062817316,29,primitive_baseline
72,0.035,0.01,0.955,1282.616543639192,78.74348062817316,29,primitive_baseline
0,0.0,0.94,0.06,1099.8883435125904,8.171667175452075,29,safety_only
1,0.0,0.925,0.075,1138.529538790185,10.107628399851533,29,safety_only
2,0.01,0.885,0.105,1162.6204758437207,13.12079247483371,29,safety_only
3,0.015,0.845,0.14,1236.174650428956,16.63733694857777,29,safety_only
4,0.015,0.81,0.175,1304.9712964386238,19.529746973293044,29,safety_only
5,0.015,0.775,0.21,1402.4383513848989,23.426586237564933,29,safety_only
6,0.015,0.735,0.25,1475.273635927183,26.208109768240774,29,safety_only
7,0.015,0.685,0.3,1607.9765241861348,31.014832526915377,29,safety_only
8,0.02,0.68,0.3,1597.4844562735536,31.014832526915377,29,safety_only
9,0.025,0.675,0.3,1590.8916856215856,31.014832526915377,29,safety_only
10,0.035,0.665,0.3,1585.167535035144,31.014832526915377,29,safety_only
11,0.035,0.665,0.3,1585.167535035144,31.014832526915377,29,safety_only
0,0.0,0.94,0.06,848.483465865738,6.070352953317068,30,primitive_baseline
1,0.0,0.94,0.06,840.4101228565854,5.514759139793765,30,primitive_baseline
2,0.0,0.93,0.07,847.2322582504225,5.9901932805982705,30,primitive_baseline
3,0.005,0.91,0.085,886.77888828438,8.484394952940917,30,primitive_baseline
4,0.005,0.88,0.115,925.0160855146069,10.34974375103299,30,primitive_baseline
5,0.01,0.83,0.16,1028.079960715538,15.426167544206836,30,primitive_baseline
6,0.015,0.78,0.205,1190.220776666453,22.18298383635837,30,primitive_baseline
7,0.025,0.745,0.23,1188.8126345672986,24.383767721401927,30,primitive_baseline
8,0.02,0.715,0.265,1276.8209326418328,27.4559147933797,30,primitive_baseline
9,0.025,0.67,0.305,1342.3870918731045,30.266067355677393,30,primitive_baseline
10,0.025,0.625,0.35,1437.8394491801423,33.679283432876844,30,primitive_baseline
11,0.025,0.595,0.38,1495.176838959132,36.07457536370572,30,primitive_baseline
12,0.025,0.56,0.415,1542.379174197287,38.40864436734701,30,primitive_baseline
13,0.025,0.54,0.435,1560.0584858936086,39.40180781439039,30,primitive_baseline
14,0.025,0.515,0.46,1591.495811522751,41.428879886698766,30,primitive_baseline
15,0.025,0.495,0.48,1613.0154273743715,43.122462436334146,30,primitive_baseline
16,0.025,0.46,0.515,1634.022656449097,45.25902517361879,30,primitive_baseline
17,0.03,0.45,0.52,1622.0314047017287,45.497681061190555,30,primitive_baseline
18,0.03,0.42,0.55,1638.4600248608024,48.29262504827987,30,primitive_baseline
19,0.03,0.395,0.575,1643.5470706007632,50.587238814359054,30,primitive_baseline
20,0.03,0.37,0.6,1640.6261765727568,53.096847089909446,30,primitive_baseline
21,0.03,0.345,0.625,1632.658784017226,55.00853957968384,30,primitive_baseline
22,0.03,0.34,0.63,1622.0425383019228,56.633514121980035,30,primitive_baseline
23,0.03,0.315,0.655,1604.578662668643,58.5539249872195,30,primitive_baseline
24,0.03,0.28,0.69,1576.3416112754396,60.932038882685696,30,primitive_baseline
25,0.03,0.27,0.7,1566.975137263746,61.59767701995294,30,primitive_baseline
26,0.03,0.265,0.705,1561.8663977969654,61.943896684102135,30,primitive_baseline
27,0.03,0.26,0.71,1559.0925204597697,62.13147865003381,30,primitive_baseline
28,0.03,0.255,0.715,1558.449125325302,62.17431682187248,30,primitive_baseline
29,0.03,0.235,0.735,1515.138462607022,64.78296163818669,30,primitive_baseline
30,0.03,0.225,0.745,1496.7864352662127,65.74151674639668,30,primitive_baseline
31,0.03,0.22,0.75,1491.1561362959812,66.02457550276927,30,primitive_baseline
32,0.03,0.21,0.76,1471.9247713684076,66.96022952143521,30,primitive_baseline
33,0.03,0.2,0.77,1460.21182012724,67.50992341522655,30,primitive_baseline
34,0.03,0.2,0.77,1460.21182012724,67.50992341522655,30,primitive_baseline
35,0.03,0.19,0.78,1450.686279807668,67.93891972591011,30,primitive_baseline
36,0.03,0.175,0.795,1426.0164962920521,69.01055099092716,30,primitive_baseline
37,0.03,0.165,0.805,1411.1328939321777,69.63240258441063,30,primitive_baseline
38,0.03,0.155,0.815,1389.5452513770895,70.50653503811976,30,primitive_baseline
39,0.03,0.14,0.83,1367.5322862474015,71.35522871445184,30,primitive_baseline
40,0.03,0.135,0.835,1364.869771151916,71.45644645479314,30,primitive_baseline
41,0.03,0.12,0.85,1348.0433728417263,72.08222840960887,30,primitive_baseline
42,0.03,0.12,0.85,1348.0433728417263,72.08222840960887,30,primitive_baseline
43,0.03,0.11,0.86,1317.547930973844,73.18033431338081,30,primitive_baseline
44,0.03,0.11,0.86,1317.547930973844,73.18033431338081,30,primitive_baseline
45,0.03,0.105,0.865,1302.1868923277957,73.71641246909172,30,primitive_baseline
46,0.03,0.1,0.87,1297.575486445699,73.87556505935603,30,primitive_baseline
47,0.03,0.095,0.875,1292.4446638714726,74.0498178329203,30,primitive_baseline
48,0.03,0.09,0.88,1284.6395685970058,74.3155707879545,30,primitive_baseline
49,0.03,0.09,0.88,1284.6395685970058,74.3155707879545,30,primitive_baseline
50,0.03,0.08,0.89,1232.7583768055458,76.00751695713325,30,primitive_baseline
51,0.03,0.08,0.89,1232.7583768055458,76.00751695713325,30,primitive_baseline
52,0.03,0.075,0.895,1223.1055920423955,76.31306237561488,30,primitive_baseline
53,0.03,0.055,0.915,1194.0883602090203,77.2146794654156,30,primitive_baseline
54,0.03,0.045,0.925,1167.6444606432547,78.00697134889548,30,primitive_baseline
55,0.03,0.045,0.925,1167.6444606432547,78.00697134889548,30,primitive_baseline
56,0.03,0.045,0.925,1167.6444606432547,78.00697134889548,30,primitive_baseline
57,0.03,0.045,0.925,1167.6444606432547,78.00697134889548,30,primitive_baseline
58,0.03,0.045,0.925,1167.6444606432547,78.00697134889548,30,primitive_baseline
0,0.0,0.94,0.06,848.483465865738,6.070352953317068,30,safety_only
1,0.0,0.94,0.06,840.4101228565854,5.514759139793765,30,safety_only
2,0.0,0.93,0.07,847.2322582504225,5.9901932805982705,30,safety_only
3,0.005,0.91,0.085,886.77888828438,8.484394952940917,30,safety_only
4,0.005,0.88,0.115,925.0160855146069,10.34974375103299,30,safety_only
5,0.01,0.83,0.16,1028.079960715538,15.426167544206836,30,safety_only
6,0.015,0.78,0.205,1190.220776666453,22.18298383635837,30,safety_only
7,0.025,0.745,0.23,1188.8126345672986,24.383767721401927,30,safety_only
8,0.02,0.715,0.265,1276.8209326418328,27.4559147933797,30,safety_only
9,0.025,0.67,0.305,1342.3870918731045,30.266067355677393,30,safety_only
10,0.025,0.67,0.305,1342.3870918731045,30.266067355677393,30,safety_only
11,0.025,0.67,0.305,1342.3870918731045,30.266067355677393,30,safety_only
12,0.025,0.67,0.305,1342.3870918731045,30.266067355677393,30,safety_only
13,0.025,0.67,0.305,1342.3870918731045,30.266067355677393,30,safety_only
0,0.0,0.94,0.06,766.6169726630623,4.3064444733522045,31,primitive_baseline
1,0.0,0.94,0.06,766.6169726630623,4.3064444733522045,31,primitive_baseline
2,0.0,0.94,0.06,766.6169726630623,4.3064444733522045,31,primitive_baseline
3,0.01,0.93,0.06,741.2014088750822,4.3064444733522045,31,primitive_baseline
4,0.015,0.925,0.06,733.9294755341723,4.3064444733522045,31,primitive_baseline
0,0.0,0.94,0.06,766.6169726630623,4.3064444733522045,31,safety_only
1,0.0,0.94,0.06,766.6169726630623,4.3064444733522045,31,safety_only
2,0.0,0.94,0.06,766.6169726630623,4.3064444733522045,31,safety_only
3,0.01,0.93,0.06,741.2014088750822,4.3064444733522045,31,safety_only
4,0.015,0.925,0.06,733.9294755341723,4.3064444733522045,31,safety_only
0,0.0,0.94,0.06,992.9366901508414,7.368171494915139,32,primitive_baseline
1,0.0,0.93,0.07,1001.7446937868309,7.888767562749566,32,primitive_baseline
2,0.0,0.9,0.1,1052.916482708165,10.596970279363294,32,primitive_baseline
3,0.0,0.855,0.145,1178.092583031923,16.43190158336966,32,primitive_baseline
4,0.0,0.805,0.195,1311.7991370232683,22.12277325892805,32,primitive_baseline
5,0.0,0.775,0.225,1410.0765429949606,26.045662649451188,32,primitive_baseline
6,0.0,0.73,0.27,1518.7383671800526,30.143753643031687,32,primitive_baseline
7,0.005,0.695,0.3,1608.430583541851,33.81862492261794,32,primitive_baseline
8,0.005,0.66,0.335,1709.1785929008233,37.26675189874882,32,primitive_baseline
9,0.005,0.635,0.36,1770.5713303691616,39.285633369742996,32,primitive_baseline
10,0.005,0.61,0.385,1792.9195717260754,40.01001608861674,32,primitive_baseline
11,0.005,0.57,0.425,1903.1442726896692,43.68519092989272,32,primitive_baseline
12,0.01,0.535,0.455,1951.2539128106498,46.38210266644741,32,primitive_baseline
13,0.01,0.5,0.49,1999.9777948165256,48.67911934026615,32,primitive_baseline
14,0.01,0.48,0.51,2024.9613698650685,50.03245825558896,32,primitive_baseline
15,0.015,0.45,0.535,2013.6601278058902,51.13565590883793,32,primitive_baseline
16,0.015,0.42,0.565,2051.1444333656714,53.89869361455464,32,primitive_baseline
17,0.015,0.39,0.595,2077.754252077469,56.76589204626415,32,primitive_baseline
18,0.015,0.365,0.62,2086.185655146021,58.073675969155545,32,primitive_baseline
19,0.015,0.335,0.65,2093.5815618319643,59.880938591137145,32,primitive_baseline
20,0.015,0.315,0.67,2096.3937658330055,61.61347330135133,32,primitive_baseline
21,0.015,0.31,0.675,2096.4664210896613,61.95094259652632,32,primitive_baseline
22,0.015,0.3,0.685,2096.132876273213,62.53564488423673,32,primitive_baseline
23,0.02,0.28,0.7,2073.8459020216633,64.11734178593923,32,primitive_baseline
24,0.02,0.275,0.705,2072.1761138593693,64.58200628849778,32,primitive_baseline
25,0.02,0.265,0.715,2065.5346723891,65.94954798925059,32,primitive_baseline
26,0.02,0.245,0.735,2060.1186003903154,66.81223665950381,32,primitive_baseline
27,0.02,0.22,0.76,2045.5953329323822,68.58426119222273,32,primitive_baseline
28,0.02,0.21,0.77,2034.9403335400234,69.65128503163712,32,primitive_baseline
29,0.02,0.2,0.78,2029.0643409918598,70.18090954790668,32,primitive_baseline
30,0.025,0.19,0.785,2010.4058346712804,70.36614905003019,32,primitive_baseline
31,0.025,0.18,0.795,1995.944744225329,71.51373301538513,32,primitive_baseline
32,0.025,0.165,0.81,1979.7964790079022,72.65698918232447,32,primitive_baseline
33,0.03,0.155,0.815,1951.2118351741483,72.90367951221742,32,primitive_baseline
34,0.03,0.145,0.825,1937.4622153126404,73.77704679114605,32,primitive_baseline
35,0.03,0.135,0.835,1930.5769684347217,74.1873842643549,32,primitive_baseline
36,0.03,0.135,0.835,1930.5769684347217,74.1873842643549,32,primitive_baseline
37,0.03,0.135,0.835,1930.5769684347217,74.1873842643549,32,primitive_baseline
38,0.03,0.125,0.845,1927.6306136910723,74.35861675559272,32,primitive_baseline
39,0.03,0.12,0.85,1923.5001238395207,74.59799758027427,32,primitive_baseline
40,0.03,0.115,0.855,1922.0418328398698,74.68159468938853,32,primitive_baseline
41,0.03,0.11,0.86,1912.4181205168197,75.21342467261925,32,primitive_baseline
42,0.03,0.105,0.865,1903.5986057917853,75.68911319678132,32,primitive_baseline
43,0.03,0.1,0.87,1897.9061912101329,75.98872662815882,32,primitive_baseline
44,0.03,0.1,0.87,1897.9061912101329,75.98872662815882,32,primitive_baseline
45,0.03,0.095,0.875,1894.328217598727,76.17197112769114,32,primitive_baseline
46,0.03,0.085,0.885,1879.7395332186093,76.89888597209713,32,primitive_baseline
47,0.03,0.085,0.885,1879.7395332186093,76.89888597209713,32,primitive_baseline
48,0.03,0.08,0.89,1874.0429567388755,77.17384190340846,32,primitive_baseline
49,0.03,0.07,0.9,1858.4135412899795,77.91339748168386,32,primitive_baseline
50,0.03,0.07,0.9,1858.4135412899795,77.91339748168386,32,primitive_baseline
51,0.03,0.065,0.905,1854.0358261072845,78.11284815313093,32,primitive_baseline
52,0.03,0.06,0.91,1843.1387064816374,78.60110803631613,32,primitive_baseline
53,0.03,0.055,0.915,1834.9056116563675,78.96671295880269,32,primitive_baseline
54,0.03,0.045,0.925,1828.4314837467653,79.24727517569173,32,primitive_baseline
55,0.03,0.04,0.93,1823.4252840903653,79.46210030838905,32,primitive_baseline
56,0.03,0.04,0.93,1823.4252840903653,79.46210030838905,32,primitive_baseline
57,0.03,0.04,0.93,1823.4252840903653,79.46210030838905,32,primitive_baseline
58,0.03,0.035,0.935,1820.9504403731726,79.56808488667949,32,primitive_baseline
59,0.03,0.035,0.935,1820.9504403731726,79.56808488667949,32,primitive_baseline
60,0.03,0.035,0.935,1820.9504403731726,79.56808488667949,32,primitive_baseline
61,0.03,0.035,0.935,1820.9504403731726,79.56808488667949,32,primitive_baseline
62,0.03,0.035,0.935,1820.9504403731726,79.56808488667949,32,primitive_baseline
0,0.0,0.94,0.06,992.9366901508414,7.368171494915139,32,safety_only
1,0.0,0.93,0.07,1001.7446937868309,7.888767562749566,32,safety_only
2,0.0,0.9,0.1,1052.916482708165,10.596970279363294,32,safety_only
3,0.0,0.855,0.145,1178.092583031923,16.43190158336966,32,safety_only
4,0.0,0.805,0.195,1311.7991370232683,22.12277325892805,32,safety_only
5,0.0,0.775,0.225,1410.0765429949606,26.045662649451188,32,safety_only
6,0.0,0.73,0.27,1518.7383671800526,30.143753643031687,32,safety_only
7,0.005,0.695,0.3,1608.430583541851,33.81862492261794,32,safety_only
8,0.005,0.66,0.335,1709.1785929008233,37.26675189874882,32,safety_only
9,0.005,0.635,0.36,1770.5713303691616,39.285633369742996,32,safety_only
10,0.005,0.61,0.385,1792.9195717260754,40.01001608861674,32,safety_only
11,0.01,0.605,0.385,1783.3783881989775,40.01001608861674,32,safety_only
12,0.015,0.6,0.385,1764.4555442685719,40.01001608861674,32,safety_only
13,0.02,0.595,0.385,1758.3816159892508,40.01001608861674,32,safety_only
14,0.02,0.595,0.385,1758.3816159892508,40.01001608861674,32,safety_only
0,0.0,0.94,0.06,856.7695070119105,6.805555648608143,33,primitive_baseline
1,0.0,0.94,0.06,859.2286906787847,6.9484403880502725,33,primitive_baseline
2,0.01,0.91,0.08,850.6976406832015,8.171596829124848,33,primitive_baseline
3,0.015,0.89,0.095,879.1227362685902,10.151681414162118,33,primitive_baseline
4,0.02,0.845,0.135,966.7525842088265,14.86401825657287,33,primitive_baseline
5,0.02,0.8,0.18,1056.7088382711363,18.683103119063624,33,primitive_baseline
6,0.025,0.75,0.225,1186.4199727985717,24.727326190228368,33,primitive_baseline
7,0.025,0.71,0.265,1323.3195485557599,29.720456751611835,33,primitive_baseline
8,0.025,0.675,0.3,1442.597883522573,33.89672967324192,33,primitive_baseline
9,0.025,0.63,0.345,1514.6773257195016,36.86767705875766,33,primitive_baseline
10,0.025,0.61,0.365,1543.4435171333441,38.24096619369377,33,primitive_baseline
11,0.025,0.57,0.405,1595.2595118469026,41.173031613882785,33,primitive_baseline
12,0.025,0.535,0.44,1638.0792687590265,44.45569897809709,33,primitive_baseline
13,0.025,0.5,0.475,1656.8267654573633,46.503269171131564,33,primitive_baseline
14,0.025,0.48,0.495,1663.8533407994453,47.53660883137409,33,primitive_baseline
15,0.025,0.455,0.52,1670.9164920966764,48.884866846494965,33,primitive_baseline
16,0.03,0.43,0.54,1655.721763937923,50.19938972395444,33,primitive_baseline
17,0.03,0.42,0.55,1656.9178235467991,50.95370230318073,33,primitive_baseline
18,0.03,0.4,0.57,1657.1511240946036,52.51838910684246,33,primitive_baseline
19,0.03,0.385,0.585,1654.2597330036697,53.952078315343115,33,primitive_baseline
20,0.03,0.355,0.615,1635.8110545591244,57.37828730517108,33,primitive_baseline
21,0.03,0.34,0.63,1633.1363202657844,57.72024476040054,33,primitive_baseline
22,0.03,0.31,0.66,1607.7002791880773,60.30228147200306,33,primitive_baseline
23,0.03,0.29,0.68,1597.464436033089,61.1512862341219,33,primitive_baseline
24,0.03,0.27,0.7,1574.4845929183011,62.82067596077804,33,primitive_baseline
25,0.03,0.255,0.715,1549.6774809966053,64.40403346142415,33,primitive_baseline
26,0.03,0.24,0.73,1538.3851722349668,65.06245264210578,33,primitive_baseline
27,0.03,0.24,0.73,1538.3851722349668,65.06245264210578,33,primitive_baseline
28,0.03,0.23,0.74,1518.8292024165144,66.12594277807796,33,primitive_baseline
29,0.035,0.21,0.755,1469.1367815791243,67.39641672675188,33,primitive_baseline
30,0.035,0.195,0.77,1448.2876960725887,68.3830705886389,33,primitive_baseline
31,0.035,0.185,0.78,1429.9858262796622,69.19807013104348,33,primitive_baseline
32,0.035,0.17,0.795,1413.6803143532475,69.90357924088192,33,primitive_baseline
33,0.035,0.16,0.805,1399.3707072350257,70.49855397920729,33,primitive_baseline
34,0.035,0.16,0.805,1399.3707072350257,70.49855397920729,33,primitive_baseline
35,0.035,0.15,0.815,1387.5053326576424,70.97670014218411,33,primitive_baseline
36,0.035,0.145,0.82,1384.5505474390784,71.0942389818052,33,primitive_baseline
37,0.035,0.14,0.825,1377.9289826722281,71.3553877711911,33,primitive_baseline
38,0.035,0.13,0.835,1353.95519915137,72.28094603036033,33,primitive_baseline
39,0.035,0.125,0.84,1350.073673529925,72.42775440301166,33,primitive_baseline
40,0.035,0.12,0.845,1330.3537674331772,73.16451352672638,33,primitive_baseline
41,0.035,0.12,0.845,1330.3537674331772,73.16451352672638,33,primitive_baseline
42,0.035,0.105,0.86,1281.200284775897,74.89023584817836,33,primitive_baseline
43,0.035,0.105,0.86,1281.200284775897,74.89023584817836,33,primitive_baseline
44,0.035,0.095,0.87,1241.3041465683539,76.21787195429751,33,primitive_baseline
45,0.035,0.08,0.885,1215.0907838234098,77.05778240096697,33,primitive_baseline
46,0.035,0.08,0.885,1215.0907838234098,77.05778240096697,33,primitive_baseline
47,0.035,0.075,0.89,1206.432828630695,77.32883858546997,33,primitive_baseline
48,0.035,0.075,0.89,1206.432828630695,77.32883858546997,33,primitive_baseline
49,0.035,0.07,0.895,1201.3248415883236,77.48756176588448,33,primitive_baseline
50,0.035,0.065,0.9,1198.5379376764859,77.57360715441767,33,primitive_baseline
51,0.035,0.055,0.91,1176.0783749467964,78.26632645063684,33,primitive_baseline
52,0.035,0.055,0.91,1176.0783749467964,78.26632645063684,33,primitive_baseline
53,0.035,0.055,0.91,1176.0783749467964,78.26632645063684,33,primitive_baseline
54,0.035,0.05,0.915,1170.2947238328793,78.44026348497194,33,primitive_baseline
55,0.035,0.045,0.92,1168.6363208986645,78.49068545838672,33,primitive_baseline
56,0.035,0.035,0.93,1147.5929673409596,79.11890808911437,33,primitive_baseline
57,0.035,0.035,0.93,1147.5929673409596,79.11890808911437,33,primitive_baseline
58,0.035,0.035,0.93,1147.5929673409596,79.11890808911437,33,primitive_baseline
59,0.035,0.035,0.93,1147.5929673409596,79.11890808911437,33,primitive_baseline
60,0.035,0.035,0.93,1147.5929673409596,79.11890808911437,33,primitive_baseline
0,0.0,0.94,0.06,856.7695070119105,6.805555648608143,33,safety_only
1,0.0,0.94,0.06,859.2286906787847,6.9484403880502725,33,safety_only
2,0.01,0.91,0.08,850.6976406832015,8.171596829124848,33,safety_only
3,0.015,0.89,0.095,879.1227362685902,10.151681414162118,33,safety_only
4,0.02,0.845,0.135,966.7525842088265,14.86401825657287,33,safety_only
5,0.02,0.8,0.18,1056.7088382711363,18.683103119063624,33,safety_only
6,0.025,0.75,0.225,1186.4199727985717,24.727326190228368,33,safety_only
7,0.025,0.71,0.265,1323.3195485557599,29.720456751611835,33,safety_only
8,0.03,0.705,0.265,1307.605500315157,29.720456751611835,33,safety_only
9,0.04,0.695,0.265,1302.1709984936515,29.720456751611835,33,safety_only
10,0.04,0.695,0.265,1302.1709984936515,29.720456751611835,33,safety_only
11,0.04,0.695,0.265,1302.1709984936515,29.720456751611835,33,safety_only
0,0.0,0.94,0.06,917.2303538827183,5.6384082439041014,34,primitive_baseline
1,0.005,0.925,0.07,936.582283585634,7.064445302165876,34,primitive_baseline
2,0.005,0.905,0.09,955.5379049412121,8.099086284044754,34,primitive_baseline
3,0.005,0.87,0.125,1005.8075570079046,10.568691032917801,34,primitive_baseline
4,0.015,0.82,0.165,1077.53846068854,14.363949052298793,34,primitive_baseline
5,0.015,0.785,0.2,1161.7973821408418,17.92594706768893,34,primitive_baseline
6,0.015,0.75,0.235,1282.637005723479,22.73573048530387,34,primitive_baseline
7,0.015,0.725,0.26,1337.3828748595183,24.806974842897496,34,primitive_baseline
8,0.015,0.685,0.3,1456.4130716332452,29.108778690160758,34,primitive_baseline
9,0.01,0.665,0.325,1506.5149412749154,30.707422256914924,34,primitive_baseline
10,0.015,0.625,0.36,1593.0857658257805,33.988730393375675,34,primitive_baseline
11,0.015,0.6,0.385,1669.203982229262,36.85583091204702,34,primitive_baseline
12,0.015,0.565,0.42,1734.545454552817,39.800304237325975,34,primitive_baseline
13,0.015,0.545,0.44,1755.6490159712662,40.90879806879002,34,primitive_baseline
14,0.015,0.52,0.465,1783.7219145554284,42.56500303239326,34,primitive_baseline
15,0.015,0.485,0.5,1825.0563935307412,45.627015685244515,34,primitive_baseline
16,0.015,0.47,0.515,1835.4699628948313,46.61937243299481,34,primitive_baseline
17,0.015,0.45,0.535,1851.3455788720753,48.49990370612553,34,primitive_baseline
18,0.015,0.425,0.56,1863.5828516514657,50.72463246280948,34,primitive_baseline
19,0.015,0.415,0.57,1867.6274433813783,52.10689690429113,34,primitive_baseline
20,0.015,0.4,0.585,1868.7222979506846,52.9867795903905,34,primitive_baseline
21,0.015,0.38,0.605,1868.7023632861928,53.87559015139646,34,primitive_baseline
22,0.015,0.365,0.62,1867.606550332151,54.729660105928815,34,primitive_baseline
23,0.02,0.35,0.63,1856.4538772733258,55.761589433456244,34,primitive_baseline
24,0.02,0.34,0.64,1855.7111509277922,55.9782583771196,34,primitive_baseline
25,0.02,0.33,0.65,1852.3796644340548,56.80862339353152,34,primitive_baseline
26,0.02,0.32,0.66,1849.6234561118727,57.35026231285981,34,primitive_baseline
27,0.02,0.305,0.675,1842.6439108968545,58.46255569289427,34,primitive_baseline
28,0.02,0.29,0.69,1836.6392110830998,59.258111387890224,34,primitive_baseline
29,0.02,0.27,0.71,1824.7292483662268,60.60286611845499,34,primitive_baseline
30,0.02,0.265,0.715,1822.76654383524,60.80075445484022,34,primitive_baseline
31,0.02,0.25,0.73,1817.842136583282,61.271786040568834,34,primitive_baseline
32,0.025,0.235,0.74,1801.1223432752565,61.66449355328206,34,primitive_baseline
33,0.02,0.215,0.765,1785.707188336702,63.78416298289081,34,primitive_baseline
34,0.02,0.2,0.78,1763.4392775917029,65.27399081022118,34,primitive_baseline
35,0.02,0.185,0.795,1748.9452993925436,66.14714924123581,34,primitive_baseline
36,0.02,0.18,0.8,1746.9610408051294,66.26432891876736,34,primitive_baseline
37,0.02,0.175,0.805,1744.9356294066397,66.38092114287835,34,primitive_baseline
38,0.02,0.175,0.805,1744.9356294066397,66.38092114287835,34,primitive_baseline
39,0.02,0.155,0.825,1728.1360439542025,67.3179272046567,34,primitive_baseline
40,0.02,0.15,0.83,1721.1904051600336,67.68685585498399,34,primitive_baseline
41,0.02,0.14,0.84,1708.0761168277154,68.36973081331138,34,primitive_baseline
42,0.02,0.125,0.855,1683.157982740513,69.59389431568631,34,primitive_baseline
43,0.02,0.12,0.86,1679.0336082488166,69.78789818747387,34,primitive_baseline
44,0.02,0.12,0.86,1679.0336082488166,69.78789818747387,34,primitive_baseline
45,0.02,0.105,0.875,1650.919513282018,71.04369639698119,34,primitive_baseline
46,0.02,0.105,0.875,1650.919513282018,71.04369639698119,34,primitive_baseline
47,0.02,0.095,0.885,1632.0731942932873,71.84880821917898,34,primitive_baseline
48,0.02,0.095,0.885,1632.0731942932873,71.84880821917898,34,primitive_baseline
49,0.02,0.085,0.895,1607.1503593791358,72.86445474400215,34,primitive_baseline
50,0.02,0.07,0.91,1598.1361529630667,73.22061141973028,34,primitive_baseline
51,0.02,0.065,0.915,1590.3767922947263,73.52502404898561,34,primitive_baseline
52,0.02,0.06,0.92,1584.6956870241895,73.74221286100008,34,primitive_baseline
53,0.02,0.06,0.92,1584.6956870241895,73.74221286100008,34,primitive_baseline
54,0.02,0.06,0.92,1584.6956870241895,73.74221286100008,34,primitive_baseline
55,0.02,0.055,0.925,1553.7043248344366,74.89412949866487,34,primitive_baseline
56,0.02,0.045,0.935,1507.6591163050741,76.52689233291673,34,primitive_baseline
57,0.02,0.045,0.935,1507.6591163050741,76.52689233291673,34,primitive_baseline
58,0.02,0.045,0.935,1507.6591163050741,76.52689233291673,34,primitive_baseline
59,0.02,0.04,0.94,1497.6020167004656,76.87013944924094,34,primitive_baseline
60,0.02,0.04,0.94,1497.6020167004656,76.87013944924094,34,primitive_baseline
61,0.02,0.04,0.94,1497.6020167004656,76.87013944924094,34,primitive_baseline
62,0.02,0.04,0.94,1497.6020167004656,76.87013944924094,34,primitive_baseline
63,0.02,0.035,0.945,1486.446912901948,77.24173186704574,34,primitive_baseline
64,0.02,0.035,0.945,1486.446912901948,77.24173186704574,34,primitive_baseline
65,0.02,0.035,0.945,1486.446912901948,77.24173186704574,34,primitive_baseline
66,0.02,0.025,0.955,1461.4842776738412,78.06211245693802,34,primitive_baseline
67,0.02,0.02,0.96,1419.977174782934,79.38506771627085,34,primitive_baseline
68,0.02,0.015,0.965,1414.3401891232338,79.55961150506118,34,primitive_baseline
69,0.02,0.015,0.965,1414.3401891232338,79.55961150506118,34,primitive_baseline
70,0.02,0.015,0.965,1414.3401891232338,79.55961150506118,34,primitive_baseline
71,0.02,0.01,0.97,1408.6363417632124,79.73527075121739,34,primitive_baseline
72,0.02,0.01,0.97,1408.6363417632124,79.73527075121739,34,primitive_baseline
73,0.025,0.005,0.97,1397.6425227799655,79.73527075121739,34,primitive_baseline
74,0.025,0.005,0.97,1397.6425227799655,79.73527075121739,34,primitive_baseline
75,0.025,0.005,0.97,1397.6425227799655,79.73527075121739,34,primitive_baseline
0,0.0,0.94,0.06,917.2303538827183,5.6384082439041014,34,safety_only
1,0.005,0.925,0.07,936.582283585634,7.064445302165876,34,safety_only
2,0.005,0.905,0.09,955.5379049412121,8.099086284044754,34,safety_only
3,0.005,0.87,0.125,1005.8075570079046,10.568691032917801,34,safety_only
4,0.015,0.82,0.165,1077.53846068854,14.363949052298793,34,safety_only
5,0.015,0.785,0.2,1161.7973821408418,17.92594706768893,34,safety_only
6,0.015,0.75,0.235,1282.637005723479,22.73573048530387,34,safety_only
7,0.015,0.725,0.26,1337.3828748595183,24.806974842897496,34,safety_only
8,0.015,0.685,0.3,1456.4130716332452,29.108778690160758,34,safety_only
9,0.01,0.665,0.325,1506.5149412749154,30.707422256914924,34,safety_only
10,0.015,0.66,0.325,1495.7486062872727,30.707422256914924,34,safety_only
11,0.02,0.655,0.325,1488.4749549324818,30.707422256914924,34,safety_only
12,0.025,0.65,0.325,1481.9253588962185,30.707422256914924,34,safety_only
13,0.025,0.62,0.355,1541.1196999248257,32.71344916162853,34,safety_only
14,0.025,0.62,0.355,1541.1196999248257,32.71344916162853,34,safety_only
15,0.03,0.615,0.355,1532.753088246337,32.71344916162853,34,safety_only
16,0.03,0.615,0.355,1532.753088246337,32.71344916162853,34,safety_only
17,0.03,0.615,0.355,1532.753088246337,32.71344916162853,34,safety_only
0,0.0,0.94,0.06,871.8266439137793,5.017958626593637,35,primitive_baseline
1,0.0,0.935,0.065,881.1917002304614,5.692729079016623,35,primitive_baseline
2,0.005,0.935,0.06,864.5816396565662,5.12863245347928,35,primitive_baseline
3,0.005,0.935,0.06,857.4175705885069,4.5029356016416004,35,primitive_baseline
4,0.02,0.92,0.06,835.3683007595102,4.5029356016416004,35,primitive_baseline
5,0.03,0.91,0.06,827.2303078573244,4.5029356016416004,35,primitive_baseline
6,0.04,0.905,0.055,788.1334727821934,3.6754435945710755,35,primitive_baseline
7,0.045,0.9,0.055,744.1993977463442,3.6754435945710755,35,primitive_baseline
8,0.05,0.895,0.055,739.2787383779971,3.6754435945710755,35,primitive_baseline
9,0.06,0.885,0.055,727.4521643860464,3.6754435945710755,35,primitive_baseline
10,0.07,0.875,0.055,709.3027948744932,3.6754435945710755,35,primitive_baseline
0,0.0,0.94,0.06,871.8266439137793,5.017958626593637,35,safety_only
1,0.0,0.935,0.065,881.1917002304614,5.692729079016623,35,safety_only
2,0.005,0.935,0.06,864.5816396565662,5.12863245347928,35,safety_only
3,0.005,0.935,0.06,857.4175705885069,4.5029356016416004,35,safety_only
4,0.02,0.92,0.06,835.3683007595102,4.5029356016416004,35,safety_only
5,0.03,0.91,0.06,827.2303078573244,4.5029356016416004,35,safety_only
6,0.04,0.905,0.055,788.1334727821934,3.6754435945710755,35,safety_only
7,0.045,0.9,0.055,744.1993977463442,3.6754435945710755,35,safety_only
8,0.05,0.895,0.055,739.2787383779971,3.6754435945710755,35,safety_only
9,0.06,0.885,0.055,727.4521643860464,3.6754435945710755,35,safety_only
10,0.07,0.875,0.055,709.3027948744932,3.6754435945710755,35,safety_only
