beta,feasible_share,all_core_feasible,mean_slack,run_id
0.0,0.525,0,-4.503238803185724,0
0.05,0.6,0,-2.8932279479037666,0
0.1,0.65,0,-1.2832170926218063,0
0.15,0.65,0,0.32679376266015225,0
0.2,0.725,0,1.9368046179421128,0
0.25,0.725,0,3.546815473224072,0
0.3,0.775,0,5.156826328506032,0
0.35,0.8,0,6.766837183787989,0
0.4,0.825,0,8.37684803906995,0
0.45,0.85,0,9.986858894351911,0
0.5,0.875,0,11.59686974963387,0
0.55,0.875,0,13.206880604915833,0
0.6,0.875,0,14.81689146019779,0
0.65,0.9,0,16.426902315479747,0
0.7,0.925,0,18.036913170761704,0
0.75,0.925,0,19.646924026043667,0
0.8,0.95,0,21.256934881325627,0
0.85,0.95,0,22.866945736607587,0
0.9,0.95,0,24.47695659188955,0
0.95,0.95,0,26.086967447171503,0
1.0,0.95,0,27.696978302453466,0
0.0,0.7,0,1.154804663770433,1
0.05,0.775,0,3.124342689772362,1
0.1,0.825,0,5.093880715774294,1
0.15,0.85,0,7.063418741776222,1
0.2,0.925,0,9.032956767778154,1
0.25,0.925,0,11.002494793780084,1
0.3,0.925,0,12.972032819782012,1
0.35,0.925,0,14.941570845783946,1
0.4,0.925,0,16.911108871785878,1
0.45,0.925,0,18.880646897787805,1
0.5,0.95,0,20.850184923789737,1
0.55,0.975,0,22.819722949791664,1
0.6,0.975,0,24.78926097579359,1
0.65,1.0,1,26.758799001795524,1
0.7,1.0,1,28.728337027797455,1
0.75,1.0,1,30.697875053799386,1
0.8,1.0,1,32.667413079801314,1
0.85,1.0,1,34.63695110580325,1
0.9,1.0,1,36.606489131805176,1
0.95,1.0,1,38.576027157807104,1
1.0,1.0,1,40.54556518380904,1
0.0,0.65,0,-1.0206754732954102,2
0.05,0.75,0,0.8329200409445343,2
0.1,0.75,0,2.68651555518448,2
0.15,0.775,0,4.540111069424425,2
0.2,0.8,0,6.39370658366437,2
0.25,0.8,0,8.247302097904315,2
0.3,0.8,0,10.10089761214426,2
0.35,0.8,0,11.954493126384204,2
0.4,0.825,0,13.808088640624149,2
0.45,0.85,0,15.6616841548641,2
0.5,0.9,0,17.515279669104043,2
0.55,0.95,0,19.368875183343988,2
0.6,0.95,0,21.22247069758393,2
0.65,0.95,0,23.07606621182388,2
0.7,0.95,0,24.92966172606382,2
0.75,0.95,0,26.78325724030376,2
0.8,0.95,0,28.636852754543714,2
0.85,0.95,0,30.490448268783656,2
0.9,0.975,0,32.3440437830236,2
0.95,0.975,0,34.19763929726355,2
1.0,0.975,0,36.05123481150349,2
0.0,0.725,0,-1.4755002698651085,3
0.05,0.8,0,0.21492824578634434,3
0.1,0.825,0,1.9053567614377969,3
0.15,0.85,0,3.5957852770892496,3
0.2,0.85,0,5.286213792740703,3
0.25,0.875,0,6.976642308392155,3
0.3,0.875,0,8.667070824043607,3
0.35,0.875,0,10.357499339695059,3
0.4,0.9,0,12.047927855346515,3
0.45,0.9,0,13.738356370997966,3
0.5,0.925,0,15.428784886649419,3
0.55,0.925,0,17.119213402300872,3
0.6,0.925,0,18.809641917952323,3
0.65,0.925,0,20.500070433603774,3
0.7,0.95,0,22.190498949255225,3
0.75,0.95,0,23.88092746490668,3
0.8,0.95,0,25.571355980558135,3
0.85,0.95,0,27.261784496209582,3
0.9,0.975,0,28.95221301186104,3
0.95,0.975,0,30.642641527512488,3
1.0,0.975,0,32.33307004316394,3
0.0,0.75,0,2.6373774583587073,4
0.05,0.85,0,4.440525108102888,4
0.1,0.85,0,6.24367275784707,4
0.15,0.85,0,8.046820407591246,4
0.2,0.925,0,9.84996805733543,4
0.25,0.975,0,11.65311570707961,4
0.3,0.975,0,13.456263356823788,4
0.35,0.975,0,15.259411006567968,4
0.4,0.975,0,17.062558656312156,4
0.45,0.975,0,18.86570630605633,4
0.5,0.975,0,20.66885395580051,4
0.55,0.975,0,22.47200160554469,4
0.6,0.975,0,24.275149255288873,4
0.65,0.975,0,26.07829690503305,4
0.7,0.975,0,27.881444554777225,4
0.75,0.975,0,29.684592204521415,4
0.8,0.975,0,31.4877398542656,4
0.85,0.975,0,33.290887504009774,4
0.9,0.975,0,35.09403515375395,4
0.95,0.975,0,36.897182803498126,4
1.0,0.975,0,38.70033045324231,4
0.0,0.6,0,-5.274779062053469,5
0.05,0.65,0,-3.71187296954232,5
0.1,0.675,0,-2.1489668770311687,5
0.15,0.725,0,-0.586060784520021,5
0.2,0.75,0,0.9768453079911303,5
0.25,0.775,0,2.53975140050228,5
0.3,0.8,0,4.102657493013429,5
0.35,0.85,0,5.665563585524576,5
0.4,0.9,0,7.228469678035729,5
0.45,0.9,0,8.79137577054688,5
0.5,0.9,0,10.354281863058029,5
0.55,0.925,0,11.91718795556918,5
0.6,0.925,0,13.480094048080327,5
0.65,0.925,0,15.043000140591477,5
0.7,0.925,0,16.605906233102623,5
0.75,0.925,0,18.16881232561378,5
0.8,0.925,0,19.731718418124927,5
0.85,0.925,0,21.294624510636076,5
0.9,0.925,0,22.857530603147225,5
0.95,0.925,0,24.420436695658374,5
1.0,0.925,0,25.983342788169523,5
0.0,0.7,0,-1.8923929355430693,6
0.05,0.8,0,-0.06737244377834699,6
0.1,0.8,0,1.7576480479863772,6
0.15,0.825,0,3.5826685397510984,6
0.2,0.85,0,5.407689031515823,6
0.25,0.85,0,7.232709523280545,6
0.3,0.85,0,9.057730015045266,6
0.35,0.85,0,10.88275050680999,6
0.4,0.9,0,12.707770998574714,6
0.45,0.9,0,14.53279149033944,6
0.5,0.9,0,16.35781198210416,6
0.55,0.9,0,18.18283247386888,6
0.6,0.925,0,20.007852965633607,6
0.65,0.925,0,21.832873457398332,6
0.7,0.925,0,23.657893949163046,6
0.75,0.925,0,25.482914440927775,6
0.8,0.925,0,27.3079349326925,6
0.85,0.95,0,29.132955424457226,6
0.9,0.975,0,30.957975916221944,6
0.95,0.975,0,32.78299640798666,6
1.0,0.975,0,34.608016899751384,6
0.0,0.625,0,-2.5784853191358854,7
0.05,0.725,0,-0.8390803446897179,7
0.1,0.725,0,0.9003246297564502,7
0.15,0.75,0,2.639729604202615,7
0.2,0.8,0,4.379134578648785,7
0.25,0.825,0,6.118539553094951,7
0.3,0.85,0,7.857944527541119,7
0.35,0.875,0,9.597349501987285,7
0.4,0.9,0,11.336754476433457,7
0.45,0.925,0,13.076159450879624,7
0.5,0.925,0,14.815564425325789,7
0.55,0.95,0,16.554969399771956,7
0.6,0.975,0,18.29437437421812,7
0.65,0.975,0,20.03377934866429,7
0.7,0.975,0,21.773184323110453,7
0.75,0.975,0,23.512589297556627,7
0.8,0.975,0,25.251994272002797,7
0.85,0.975,0,26.991399246448964,7
0.9,0.975,0,28.73080422089513,7
0.95,0.975,0,30.47020919534129,7
1.0,0.975,0,32.20961416978746,7
0.0,0.575,0,-2.310817832999518,8
0.05,0.675,0,-0.6129413633707098,8
0.1,0.675,0,1.0849351062580994,8
0.15,0.725,0,2.7828115758869068,8
0.2,0.725,0,4.480688045515717,8
0.25,0.775,0,6.178564515144524,8
0.3,0.85,0,7.876440984773332,8
0.35,0.85,0,9.57431745440214,8
0.4,0.85,0,11.27219392403095,8
0.45,0.9,0,12.970070393659757,8
0.5,0.925,0,14.667946863288567,8
0.55,0.925,0,16.365823332917376,8
0.6,0.925,0,18.063699802546182,8
0.65,0.925,0,19.761576272174995,8
0.7,0.925,0,21.459452741803798,8
0.75,0.925,0,23.157329211432607,8
0.8,0.925,0,24.855205681061417,8
0.85,0.925,0,26.553082150690226,8
0.9,0.975,0,28.250958620319032,8
0.95,0.975,0,29.948835089947842,8
1.0,0.975,0,31.64671155957665,8
0.0,0.75,0,1.4853146874069467,9
0.05,0.775,0,3.3167667142442014,9
0.1,0.775,0,5.1482187410814575,9
0.15,0.8,0,6.979670767918714,9
0.2,0.825,0,8.811122794755969,9
0.25,0.85,0,10.642574821593225,9
0.3,0.875,0,12.47402684843048,9
0.35,0.9,0,14.305478875267735,9
0.4,0.925,0,16.13693090210499,9
0.45,0.925,0,17.968382928942248,9
0.5,0.925,0,19.799834955779502,9
0.55,0.975,0,21.631286982616764,9
0.6,0.975,0,23.462739009454015,9
0.65,0.975,0,25.29419103629127,9
0.7,0.975,0,27.12564306312853,9
0.75,0.975,0,28.957095089965783,9
0.8,0.975,0,30.788547116803034,9
0.85,0.975,0,32.6199991436403,9
0.9,0.975,0,34.45145117047755,9
0.95,0.975,0,36.28290319731481,9
1.0,0.975,0,38.11435522415206,9
0.0,0.675,0,-1.1045037679455978,10
0.05,0.75,0,0.7241105261898003,10
0.1,0.775,0,2.552724820325199,10
0.15,0.8,0,4.381339114460596,10
0.2,0.825,0,6.209953408595996,10
0.25,0.85,0,8.038567702731392,10
0.3,0.875,0,9.86718199686679,10
0.35,0.875,0,11.695796291002187,10
0.4,0.875,0,13.524410585137588,10
0.45,0.875,0,15.353024879272983,10
0.5,0.875,0,17.18163917340838,10
0.55,0.875,0,19.010253467543784,10
0.6,0.9,0,20.838867761679175,10
0.65,0.925,0,22.667482055814578,10
0.7,0.925,0,24.496096349949973,10
0.75,0.925,0,26.32471064408538,10
0.8,0.925,0,28.153324938220777,10
0.85,0.925,0,29.981939232356172,10
0.9,0.95,0,31.81055352649157,10
0.95,0.95,0,33.63916782062696,10
1.0,0.95,0,35.46778211476236,10
0.0,0.675,0,1.0548465530957853,11
0.05,0.825,0,2.7285422897886424,11
0.1,0.825,0,4.402238026481501,11
0.15,0.825,0,6.075933763174358,11
0.2,0.875,0,7.749629499867216,11
0.25,0.875,0,9.423325236560073,11
0.3,0.925,0,11.097020973252931,11
0.35,0.95,0,12.770716709945784,11
0.4,0.95,0,14.444412446638648,11
0.45,0.95,0,16.118108183331508,11
0.5,0.95,0,17.79180392002436,11
0.55,0.95,0,19.46549965671722,11
0.6,0.975,0,21.13919539341008,11
0.65,0.975,0,22.812891130102933,11
0.7,0.975,0,24.486586866795786,11
0.75,0.975,0,26.16028260348865,11
0.8,0.975,0,27.833978340181506,11
0.85,0.975,0,29.507674076874366,11
0.9,0.975,0,31.181369813567233,11
0.95,0.975,0,32.85506555026008,11
1.0,0.975,0,34.52876128695294,11
0.0,0.625,0,-0.8410079288929175,12
0.05,0.725,0,1.0289818425193507,12
0.1,0.725,0,2.89897161393162,12
0.15,0.775,0,4.7689613853438875,12
0.2,0.825,0,6.638951156756157,12
0.25,0.85,0,8.508940928168425,12
0.3,0.85,0,10.378930699580692,12
0.35,0.875,0,12.24892047099296,12
0.4,0.9,0,14.11891024240523,12
0.45,0.9,0,15.9889000138175,12
0.5,0.9,0,17.858889785229767,12
0.55,0.95,0,19.72887955664204,12
0.6,0.95,0,21.598869328054306,12
0.65,0.95,0,23.468859099466577,12
0.7,0.975,0,25.33884887087884,12
0.75,1.0,1,27.208838642291106,12
0.8,1.0,1,29.078828413703377,12
0.85,1.0,1,30.94881818511565,12
0.9,1.0,1,32.81880795652792,12
0.95,1.0,1,34.688797727940184,12
1.0,1.0,1,36.558787499352455,12
0.0,0.625,0,-1.669787052900914,13
0.05,0.725,0,-0.08054039950614485,13
0.1,0.725,0,1.5087062538886262,13
0.15,0.775,0,3.0979529072833962,13
0.2,0.775,0,4.687199560678167,13
0.25,0.775,0,6.276446214072936,13
0.3,0.8,0,7.865692867467708,13
0.35,0.8,0,9.454939520862478,13
0.4,0.825,0,11.044186174257245,13
0.45,0.85,0,12.63343282765202,13
0.5,0.875,0,14.222679481046786,13
0.55,0.875,0,15.811926134441558,13
0.6,0.9,0,17.401172787836327,13
0.65,0.9,0,18.990419441231097,13
0.7,0.9,0,20.579666094625868,13
0.75,0.9,0,22.16891274802064,13
0.8,0.9,0,23.758159401415405,13
0.85,0.9,0,25.347406054810182,13
0.9,0.9,0,26.936652708204953,13
0.95,0.925,0,28.525899361599716,13
1.0,0.925,0,30.115146014994487,13
0.0,0.65,0,-0.86310542085834,14
0.05,0.8,0,1.1057922592945464,14
0.1,0.825,0,3.074689939447434,14
0.15,0.85,0,5.043587619600321,14
0.2,0.85,0,7.012485299753206,14
0.25,0.85,0,8.981382979906096,14
0.3,0.85,0,10.950280660058981,14
0.35,0.9,0,12.919178340211868,14
0.4,0.9,0,14.888076020364753,14
0.45,0.925,0,16.856973700517642,14
0.5,0.925,0,18.825871380670527,14
0.55,0.925,0,20.794769060823416,14
0.6,0.925,0,22.7636667409763,14
0.65,0.925,0,24.73256442112919,14
0.7,0.925,0,26.70146210128208,14
0.75,0.925,0,28.67035978143496,14
0.8,0.925,0,30.639257461587853,14
0.85,0.975,0,32.60815514174074,14
0.9,0.975,0,34.577052821893616,14
0.95,0.975,0,36.5459505020465,14
1.0,0.975,0,38.514848182199394,14
0.0,0.6,0,-0.8107710958598077,15
0.05,0.675,0,0.9979923254959594,15
0.1,0.675,0,2.806755746851727,15
0.15,0.725,0,4.615519168207493,15
0.2,0.775,0,6.424282589563262,15
0.25,0.8,0,8.233046010919027,15
0.3,0.875,0,10.041809432274793,15
0.35,0.875,0,11.850572853630561,15
0.4,0.9,0,13.659336274986327,15
0.45,0.9,0,15.468099696342094,15
0.5,0.925,0,17.27686311769786,15
0.55,0.95,0,19.08562653905363,15
0.6,0.95,0,20.89438996040939,15
0.65,0.95,0,22.703153381765162,15
0.7,0.95,0,24.511916803120933,15
0.75,0.95,0,26.320680224476696,15
0.8,0.95,0,28.129443645832463,15
0.85,0.95,0,29.938207067188227,15
0.9,0.95,0,31.746970488543997,15
0.95,0.95,0,33.55573390989976,15
1.0,0.95,0,35.36449733125553,15
0.0,0.65,0,0.4755990031613667,16
0.05,0.7,0,2.35923711296556,16
0.1,0.725,0,4.242875222769754,16
0.15,0.825,0,6.126513332573947,16
0.2,0.825,0,8.010151442378143,16
0.25,0.9,0,9.893789552182337,16
0.3,0.9,0,11.777427661986527,16
0.35,0.925,0,13.661065771790721,16
0.4,0.925,0,15.544703881594922,16
0.45,0.925,0,17.428341991399115,16
0.5,0.925,0,19.311980101203307,16
0.55,0.95,0,21.195618211007503,16
0.6,0.95,0,23.07925632081169,16
0.65,0.95,0,24.96289443061589,16
0.7,0.975,0,26.84653254042008,16
0.75,1.0,1,28.730170650224277,16
0.8,1.0,1,30.613808760028473,16
0.85,1.0,1,32.497446869832665,16
0.9,1.0,1,34.38108497963687,16
0.95,1.0,1,36.26472308944105,16
1.0,1.0,1,38.148361199245244,16
0.0,0.625,0,-1.2255701151591025,17
0.05,0.75,0,0.6066179622287147,17
0.1,0.775,0,2.4388060396165328,17
0.15,0.825,0,4.270994117004349,17
0.2,0.85,0,6.103182194392167,17
0.25,0.85,0,7.935370271779985,17
0.3,0.875,0,9.7675583491678,17
0.35,0.875,0,11.599746426555615,17
0.4,0.9,0,13.431934503943435,17
0.45,0.9,0,15.264122581331254,17
0.5,0.9,0,17.09631065871907,17
0.55,0.925,0,18.92849873610689,17
0.6,0.925,0,20.760686813494704,17
0.65,0.95,0,22.59287489088252,17
0.7,0.95,0,24.425062968270336,17
0.75,0.95,0,26.257251045658155,17
0.8,0.975,0,28.089439123045974,17
0.85,0.975,0,29.921627200433797,17
0.9,0.975,0,31.753815277821605,17
0.95,0.975,0,33.58600335520943,17
1.0,0.975,0,35.41819143259725,17
0.0,0.675,0,0.164190819665043,18
0.05,0.775,0,2.0053636035938025,18
0.1,0.775,0,3.8465363875225633,18
0.15,0.8,0,5.687709171451324,18
0.2,0.825,0,7.5288819553800845,18
0.25,0.875,0,9.370054739308845,18
0.3,0.9,0,11.211227523237605,18
0.35,0.925,0,13.052400307166362,18
0.4,0.925,0,14.893573091095124,18
0.45,0.95,0,16.734745875023883,18
0.5,0.95,0,18.575918658952645,18
0.55,0.95,0,20.417091442881407,18
0.6,0.95,0,22.258264226810162,18
0.65,0.95,0,24.099437010738928,18
0.7,0.95,0,25.940609794667683,18
0.75,0.975,0,27.78178257859645,18
0.8,0.975,0,29.622955362525204,18
0.85,0.975,0,31.464128146453966,18
0.9,0.975,0,33.30530093038273,18
0.95,0.975,0,35.14647371431149,18
1.0,0.975,0,36.987646498240245,18
0.0,0.525,0,-8.084602201414166,19
0.05,0.625,0,-6.362108670181934,19
0.1,0.625,0,-4.6396151389497025,19
0.15,0.675,0,-2.9171216077174704,19
0.2,0.725,0,-1.194628076485238,19
0.25,0.75,0,0.527865454746993,19
0.3,0.75,0,2.250358985979222,19
0.35,0.75,0,3.9728525172114537,19
0.4,0.825,0,5.695346048443691,19
0.45,0.825,0,7.4178395796759204,19
0.5,0.85,0,9.140333110908148,19
0.55,0.875,0,10.862826642140382,19
0.6,0.9,0,12.585320173372612,19
0.65,0.925,0,14.307813704604849,19
0.7,0.925,0,16.030307235837075,19
0.75,0.925,0,17.75280076706931,19
0.8,0.925,0,19.47529429830154,19
0.85,0.925,0,21.197787829533773,19
0.9,0.925,0,22.920281360766005,19
0.95,0.925,0,24.642774891998236,19
1.0,0.95,0,26.365268423230464,19
0.0,0.8,0,-1.0217491230972735,20
0.05,0.825,0,0.484017030582106,20
0.1,0.825,0,1.9897831842614875,20
0.15,0.85,0,3.4955493379408678,20
0.2,0.85,0,5.001315491620248,20
0.25,0.875,0,6.50708164529963,20
0.3,0.875,0,8.012847798979008,20
0.35,0.9,0,9.518613952658388,20
0.4,0.9,0,11.02438010633777,20
0.45,0.9,0,12.530146260017153,20
0.5,0.9,0,14.035912413696531,20
0.55,0.925,0,15.54167856737591,20
0.6,0.95,0,17.047444721055292,20
0.65,0.95,0,18.553210874734667,20
0.7,0.95,0,20.058977028414045,20
0.75,0.95,0,21.56474318209343,20
0.8,0.95,0,23.07050933577281,20
0.85,0.95,0,24.576275489452186,20
0.9,0.95,0,26.08204164313157,20
0.95,0.975,0,27.58780779681095,20
1.0,0.975,0,29.093573950490327,20
0.0,0.65,0,-2.0683761001212133,21
0.05,0.7,0,-0.3193052659746177,21
0.1,0.75,0,1.429765568171979,21
0.15,0.8,0,3.1788364023185727,21
0.2,0.825,0,4.927907236465171,21
0.25,0.825,0,6.6769780706117645,21
0.3,0.825,0,8.426048904758359,21
0.35,0.85,0,10.175119738904955,21
0.4,0.9,0,11.924190573051556,21
0.45,0.9,0,13.67326140719815,21
0.5,0.9,0,15.422332241344744,21
0.55,0.9,0,17.171403075491344,21
0.6,0.9,0,18.920473909637934,21
0.65,0.95,0,20.669544743784535,21
0.7,0.95,0,22.418615577931128,21
0.75,0.95,0,24.167686412077728,21
0.8,0.95,0,25.916757246224325,21
0.85,0.95,0,27.665828080370908,21
0.9,0.95,0,29.414898914517515,21
0.95,0.95,0,31.1639697486641,21
1.0,0.95,0,32.91304058281071,21
0.0,0.725,0,-0.3912785752286691,22
0.05,0.8,0,1.1693618219893716,22
0.1,0.8,0,2.730002219207414,22
0.15,0.8,0,4.290642616425454,22
0.2,0.825,0,5.8512830136434975,22
0.25,0.825,0,7.4119234108615375,22
0.3,0.875,0,8.972563808079578,22
0.35,0.9,0,10.533204205297618,22
0.4,0.9,0,12.093844602515661,22
0.45,0.925,0,13.6544849997337,22
0.5,0.925,0,15.215125396951743,22
0.55,0.925,0,16.77576579416979,22
0.6,0.925,0,18.336406191387827,22
0.65,0.925,0,19.897046588605868,22
0.7,0.925,0,21.457686985823905,22
0.75,0.95,0,23.01832738304195,22
0.8,0.975,0,24.578967780259994,22
0.85,0.975,0,26.13960817747803,22
0.9,0.975,0,27.70024857469607,22
0.95,0.975,0,29.26088897191412,22
1.0,0.975,0,30.82152936913216,22
0.0,0.65,0,-0.8364165920973189,23
0.05,0.75,0,0.8762798497700217,23
0.1,0.75,0,2.5889762916373633,23
0.15,0.775,0,4.301672733504704,23
0.2,0.8,0,6.014369175372048,23
0.25,0.8,0,7.727065617239387,23
0.3,0.825,0,9.439762059106728,23
0.35,0.85,0,11.152458500974067,23
0.4,0.85,0,12.86515494284141,23
0.45,0.85,0,14.577851384708751,23
0.5,0.875,0,16.290547826576095,23
0.55,0.875,0,18.00324426844344,23
0.6,0.875,0,19.715940710310775,23
0.65,0.925,0,21.42863715217812,23
0.7,0.95,0,23.141333594045456,23
0.75,0.95,0,24.854030035912807,23
0.8,0.95,0,26.566726477780144,23
0.85,0.95,0,28.27942291964748,23
0.9,0.95,0,29.992119361514824,23
0.95,0.95,0,31.704815803382168,23
1.0,0.95,0,33.417512245249505,23
0.0,0.65,0,-0.7580726249670896,24
0.05,0.7,0,1.0146211761625303,24
0.1,0.725,0,2.7873149772921506,24
0.15,0.75,0,4.5600087784217695,24
0.2,0.775,0,6.33270257955139,24
0.25,0.775,0,8.105396380681011,24
0.3,0.8,0,9.878090181810629,24
0.35,0.825,0,11.650783982940249,24
0.4,0.925,0,13.42347778406987,24
0.45,0.95,0,15.196171585199494,24
0.5,0.95,0,16.96886538632911,24
0.55,0.95,0,18.741559187458734,24
0.6,0.95,0,20.514252988588346,24
0.65,0.975,0,22.286946789717966,24
0.7,0.975,0,24.059640590847586,24
0.75,0.975,0,25.832334391977206,24
0.8,0.975,0,27.605028193106836,24
0.85,0.975,0,29.377721994236445,24
0.9,0.975,0,31.150415795366076,24
0.95,0.975,0,32.92310959649569,24
1.0,0.975,0,34.69580339762531,24
0.0,0.5,0,-3.0035418752912837,25
0.05,0.55,0,-1.2620606248359192,25
0.1,0.55,0,0.47942062561944604,25
0.15,0.6,0,2.2209018760748096,25
0.2,0.725,0,3.9623831265301748,25
0.25,0.75,0,5.703864376985538,25
0.3,0.775,0,7.445345627440901,25
0.35,0.8,0,9.186826877896266,25
0.4,0.825,0,10.928308128351635,25
0.45,0.85,0,12.669789378806998,25
0.5,0.875,0,14.411270629262358,25
0.55,0.875,0,16.152751879717727,25
0.6,0.875,0,17.894233130173085,25
0.65,0.9,0,19.63571438062845,25
0.7,0.925,0,21.37719563108381,25
0.75,0.95,0,23.118676881539184,25
0.8,0.95,0,24.860158131994545,25
0.85,0.95,0,26.601639382449907,25
0.9,0.95,0,28.343120632905276,25
0.95,0.95,0,30.08460188336063,25
1.0,0.95,0,31.826083133816006,25
0.0,0.6,0,-1.4777150006826154,26
0.05,0.675,0,0.27504334839204303,26
0.1,0.725,0,2.0278016974667024,26
0.15,0.75,0,3.7805600465413605,26
0.2,0.825,0,5.5333183956160195,26
0.25,0.85,0,7.286076744690678,26
0.3,0.875,0,9.038835093765336,26
0.35,0.9,0,10.791593442839995,26
0.4,0.9,0,12.544351791914654,26
0.45,0.9,0,14.297110140989313,26
0.5,0.925,0,16.049868490063968,26
0.55,0.95,0,17.80262683913863,26
0.6,0.95,0,19.555385188213286,26
0.65,0.95,0,21.308143537287943,26
0.7,0.95,0,23.060901886362608,26
0.75,0.95,0,24.813660235437265,26
0.8,0.95,0,26.566418584511922,26
0.85,0.95,0,28.31917693358658,26
0.9,0.95,0,30.07193528266124,26
0.95,0.95,0,31.824693631735897,26
1.0,0.975,0,33.57745198081055,26
0.0,0.625,0,-3.42540930062905,27
0.05,0.625,0,-1.5682805297352909,27
0.1,0.65,0,0.2888482411584693,27
0.15,0.7,0,2.145977012052228,27
0.2,0.7,0,4.003105782945989,27
0.25,0.75,0,5.860234553839748,27
0.3,0.775,0,7.7173633247335065,27
0.35,0.8,0,9.574492095627262,27
0.4,0.825,0,11.431620866521026,27
0.45,0.825,0,13.288749637414782,27
0.5,0.85,0,15.145878408308544,27
0.55,0.85,0,17.003007179202307,27
0.6,0.875,0,18.86013595009606,27
0.65,0.9,0,20.717264720989817,27
0.7,0.925,0,22.574393491883576,27
0.75,0.925,0,24.43152226277734,27
0.8,0.925,0,26.2886510336711,27
0.85,0.925,0,28.145779804564864,27
0.9,0.925,0,30.002908575458616,27
0.95,0.925,0,31.860037346352374,27
1.0,0.925,0,33.71716611724614,27
0.0,0.675,0,-1.0509425296379038,28
0.05,0.725,0,0.7512069295122352,28
0.1,0.725,0,2.553356388662375,28
0.15,0.8,0,4.355505847812514,28
0.2,0.825,0,6.157655306962655,28
0.25,0.85,0,7.959804766112794,28
0.3,0.85,0,9.761954225262931,28
0.35,0.875,0,11.564103684413073,28
0.4,0.875,0,13.366253143563213,28
0.45,0.9,0,15.168402602713353,28
0.5,0.9,0,16.970552061863494,28
0.55,0.95,0,18.77270152101363,28
0.6,0.95,0,20.574850980163767,28
0.65,0.975,0,22.37700043931391,28
0.7,0.975,0,24.17914989846405,28
0.75,0.975,0,25.981299357614194,28
0.8,0.975,0,27.78344881676433,28
0.85,0.975,0,29.58559827591447,28
0.9,0.975,0,31.387747735064615,28
0.95,0.975,0,33.189897194214744,28
1.0,0.975,0,34.99204665336489,28
0.0,0.6,0,-0.9784771205940819,29
0.05,0.65,0,0.8787902471201281,29
0.1,0.65,0,2.736057614834339,29
0.15,0.75,0,4.593324982548547,29
0.2,0.8,0,6.450592350262761,29
0.25,0.825,0,8.307859717976967,29
0.3,0.825,0,10.165127085691179,29
0.35,0.825,0,12.02239445340539,29
0.4,0.85,0,13.879661821119601,29
0.45,0.9,0,15.736929188833807,29
0.5,0.925,0,17.59419655654802,29
0.55,0.95,0,19.451463924262235,29
0.6,0.95,0,21.30873129197644,29
0.65,0.95,0,23.165998659690654,29
0.7,0.95,0,25.023266027404862,29
0.75,1.0,1,26.880533395119073,29
0.8,1.0,1,28.737800762833285,29
0.85,1.0,1,30.595068130547496,29
0.9,1.0,1,32.452335498261704,29
0.95,1.0,1,34.30960286597591,29
1.0,1.0,1,36.16687023369012,29
0.0,0.6,0,-8.855466074486325,30
0.05,0.65,0,-7.229470380122967,30
0.1,0.65,0,-5.603474685759606,30
0.15,0.65,0,-3.977478991396248,30
0.2,0.65,0,-2.351483297032888,30
0.25,0.7,0,-0.7254876026695317,30
0.3,0.7,0,0.9005080916938258,30
0.35,0.725,0,2.526503786057185,30
0.4,0.775,0,4.152499480420547,30
0.45,0.825,0,5.778495174783904,30
0.5,0.875,0,7.40449086914726,30
0.55,0.875,0,9.030486563510621,30
0.6,0.875,0,10.656482257873977,30
0.65,0.875,0,12.28247795223734,30
0.7,0.9,0,13.908473646600692,30
0.75,0.9,0,15.534469340964057,30
0.8,0.9,0,17.160465035327416,30
0.85,0.9,0,18.78646072969077,30
0.9,0.925,0,20.41245642405413,30
0.95,0.975,0,22.038452118417485,30
1.0,0.975,0,23.664447812780843,30
0.0,0.7,0,-4.318066425603178,31
0.05,0.725,0,-2.753250248592017,31
0.1,0.725,0,-1.1884340715808555,31
0.15,0.75,0,0.3763821054303042,31
0.2,0.825,0,1.9411982824414662,31
0.25,0.825,0,3.5060144594526266,31
0.3,0.825,0,5.070830636463787,31
0.35,0.875,0,6.635646813474947,31
0.4,0.9,0,8.20046299048611,31
0.45,0.9,0,9.765279167497269,31
0.5,0.9,0,11.33009534450843,31
0.55,0.9,0,12.894911521519594,31
0.6,0.9,0,14.459727698530752,31
0.65,0.925,0,16.024543875541916,31
0.7,0.925,0,17.58936005255307,31
0.75,0.925,0,19.154176229564236,31
0.8,0.925,0,20.7189924065754,31
0.85,0.925,0,22.283808583586556,31
0.9,0.925,0,23.84862476059772,31
0.95,0.925,0,25.413440937608875,31
1.0,0.925,0,26.97825711462004,31
0.0,0.725,0,0.4749369967003744,32
0.05,0.825,0,2.5234591134734847,32
0.1,0.85,0,4.571981230246596,32
0.15,0.875,0,6.620503347019705,32
0.2,0.875,0,8.669025463792819,32
0.25,0.925,0,10.71754758056593,32
0.3,0.95,0,12.766069697339038,32
0.35,0.95,0,14.814591814112152,32
0.4,0.95,0,16.863113930885262,32
0.45,0.95,0,18.911636047658373,32
0.5,0.95,0,20.960158164431483,32
0.55,0.95,0,23.008680281204597,32
0.6,0.95,0,25.0572023979777,32
0.65,0.975,0,27.10572451475082,32
0.7,0.975,0,29.15424663152392,32
0.75,0.975,0,31.202768748297036,32
0.8,0.975,0,33.25129086507015,32
0.85,0.975,0,35.29981298184326,32
0.9,0.975,0,37.348335098616374,32
0.95,0.975,0,39.39685721538948,32
1.0,0.975,0,41.445379332162595,32
0.0,0.575,0,-1.122698293547117,33
0.05,0.65,0,0.5322304644675017,33
0.1,0.675,0,2.187159222482121,33
0.15,0.75,0,3.8420879804967383,33
0.2,0.875,0,5.497016738511358,33
0.25,0.875,0,7.151945496525977,33
0.3,0.925,0,8.806874254540594,33
0.35,0.95,0,10.461803012555212,33
0.4,0.95,0,12.116731770569832,33
0.45,0.95,0,13.771660528584448,33
0.5,0.95,0,15.426589286599068,33
0.55,0.95,0,17.081518044613688,33
0.6,0.95,0,18.736446802628304,33
0.65,0.95,0,20.391375560642928,33
0.7,0.95,0,22.04630431865754,33
0.75,0.95,0,23.70123307667216,33
0.8,0.95,0,25.35616183468678,33
0.85,0.95,0,27.011090592701397,33
0.9,0.95,0,28.66601935071601,33
0.95,0.95,0,30.320948108730637,33
1.0,0.95,0,31.97587686674525,33
0.0,0.625,0,-6.336776122564091,34
0.05,0.675,0,-4.6575196312643845,34
0.1,0.675,0,-2.978263139964676,34
0.15,0.7,0,-1.2990066486649698,34
0.2,0.75,0,0.3802498426347398,34
0.25,0.775,0,2.0595063339344466,34
0.3,0.8,0,3.7387628252341516,34
0.35,0.825,0,5.41801931653386,34
0.4,0.825,0,7.0972758078335705,34
0.45,0.825,0,8.77653229913328,34
0.5,0.825,0,10.455788790432983,34
0.55,0.825,0,12.135045281732694,34
0.6,0.85,0,13.814301773032394,34
0.65,0.85,0,15.493558264332105,34
0.7,0.875,0,17.172814755631812,34
0.75,0.875,0,18.852071246931526,34
0.8,0.875,0,20.531327738231234,34
0.85,0.875,0,22.210584229530934,34
0.9,0.875,0,23.88984072083065,34
0.95,0.875,0,25.56909721213035,34
1.0,0.875,0,27.248353703430062,34
0.0,0.65,0,-0.16558848650879857,35
0.05,0.725,0,1.4833755677049931,35
0.1,0.725,0,3.132339621918785,35
0.15,0.8,0,4.781303676132575,35
0.2,0.825,0,6.430267730346367,35
0.25,0.85,0,8.07923178456016,35
0.3,0.85,0,9.728195838773948,35
0.35,0.875,0,11.37715989298774,35
0.4,0.9,0,13.026123947201532,35
0.45,0.9,0,14.675088001415322,35
0.5,0.9,0,16.324052055629114,35
0.55,0.925,0,17.973016109842906,35
0.6,0.925,0,19.621980164056698,35
0.65,0.95,0,21.27094421827049,35
0.7,0.95,0,22.91990827248428,35
0.75,0.95,0,24.568872326698067,35
0.8,0.95,0,26.217836380911866,35
0.85,0.95,0,27.86680043512565,35
0.9,0.95,0,29.51576448933944,35
0.95,0.95,0,31.164728543553224,35
1.0,0.95,0,32.81369259776703,35
