safety_fee_multiple,deterrence_success_rate,n_valid_agents,candidate_share_f,candidate_local_eq_rate,c_star,run_id
0.0,0.0,200,0.36,0.9444444444444444,25.912352303297013,0
0.5,0.0,200,0.36,0.9444444444444444,25.912352303297013,0
1.0,1.0,200,0.36,0.9444444444444444,25.912352303297013,0
1.5,1.0,200,0.36,0.9444444444444444,25.912352303297013,0
2.0,1.0,200,0.36,0.9444444444444444,25.912352303297013,0
0.0,0.0,200,0.36,0.9861111111111112,39.58584655794821,1
0.5,0.0,200,0.36,0.9861111111111112,39.58584655794821,1
1.0,1.0,200,0.36,0.9861111111111112,39.58584655794821,1
1.5,1.0,200,0.36,0.9861111111111112,39.58584655794821,1
2.0,1.0,200,0.36,0.9861111111111112,39.58584655794821,1
0.0,0.0,200,0.36,0.9861111111111112,33.11042765891675,2
0.5,0.0,200,0.36,0.9861111111111112,33.11042765891675,2
1.0,1.0,200,0.36,0.9861111111111112,33.11042765891675,2
1.5,1.0,200,0.36,0.9861111111111112,33.11042765891675,2
2.0,1.0,200,0.36,0.9861111111111112,33.11042765891675,2
0.0,0.0,200,0.36,1.0,32.71535911665673,3
0.5,0.0,200,0.36,1.0,32.71535911665673,3
1.0,1.0,200,0.36,1.0,32.71535911665673,3
1.5,1.0,200,0.36,1.0,32.71535911665673,3
2.0,1.0,200,0.36,1.0,32.71535911665673,3
0.0,0.0,200,0.36,0.9444444444444444,35.69187823507461,4
0.5,0.0,200,0.36,0.9444444444444444,35.69187823507461,4
1.0,1.0,200,0.36,0.9444444444444444,35.69187823507461,4
1.5,1.0,200,0.36,0.9444444444444444,35.69187823507461,4
2.0,1.0,200,0.36,0.9444444444444444,35.69187823507461,4
0.0,0.0,200,0.36,1.0,28.31694445284959,5
0.5,0.0,200,0.36,1.0,28.31694445284959,5
1.0,1.0,200,0.36,1.0,28.31694445284959,5
1.5,1.0,200,0.36,1.0,28.31694445284959,5
2.0,1.0,200,0.36,1.0,28.31694445284959,5
0.0,0.0,200,0.36,0.9583333333333334,34.62640986256568,6
0.5,0.0,200,0.36,0.9583333333333334,34.62640986256568,6
1.0,1.0,200,0.36,0.9583333333333334,34.62640986256568,6
1.5,1.0,200,0.36,0.9583333333333334,34.62640986256568,6
2.0,1.0,200,0.36,0.9583333333333334,34.62640986256568,6
0.0,0.0,200,0.36,0.9583333333333334,29.742913685341634,7
0.5,0.0,200,0.36,0.9583333333333334,29.742913685341634,7
1.0,1.0,200,0.36,0.9583333333333334,29.742913685341634,7
1.5,1.0,200,0.36,0.9583333333333334,29.742913685341634,7
2.0,1.0,200,0.36,0.9583333333333334,29.742913685341634,7
0.0,0.0,200,0.36,0.9861111111111112,30.518988735391687,8
0.5,0.0,200,0.36,0.9861111111111112,30.518988735391687,8
1.0,1.0,200,0.36,0.9861111111111112,30.518988735391687,8
1.5,1.0,200,0.36,0.9861111111111112,30.518988735391687,8
2.0,1.0,200,0.36,0.9861111111111112,30.518988735391687,8
0.0,0.0,200,0.36,0.9861111111111112,35.351713771760394,9
0.5,0.0,200,0.36,0.9861111111111112,35.351713771760394,9
1.0,1.0,200,0.36,0.9861111111111112,35.351713771760394,9
1.5,1.0,200,0.36,0.9861111111111112,35.351713771760394,9
2.0,1.0,200,0.36,0.9861111111111112,35.351713771760394,9
0.0,0.0,200,0.36,0.9722222222222222,37.79286706506892,10
0.5,0.0,200,0.36,0.9722222222222222,37.79286706506892,10
1.0,1.0,200,0.36,0.9722222222222222,37.79286706506892,10
1.5,1.0,200,0.36,0.9722222222222222,37.79286706506892,10
2.0,1.0,200,0.36,0.9722222222222222,37.79286706506892,10
0.0,0.0,200,0.36,1.0,36.049223754563485,11
0.5,0.0,200,0.36,1.0,36.049223754563485,11
1.0,1.0,200,0.36,1.0,36.049223754563485,11
1.5,1.0,200,0.36,1.0,36.049223754563485,11
2.0,1.0,200,0.36,1.0,36.049223754563485,11
0.0,0.0,200,0.36,0.9861111111111112,32.272414082601,12
0.5,0.0,200,0.36,0.9861111111111112,32.272414082601,12
1.0,1.0,200,0.36,0.9861111111111112,32.272414082601,12
1.5,1.0,200,0.36,0.9861111111111112,32.272414082601,12
2.0,1.0,200,0.36,0.9861111111111112,32.272414082601,12
0.0,0.0,200,0.36,0.9583333333333334,32.38394788511903,13
0.5,0.0,200,0.36,0.9583333333333334,32.38394788511903,13
1.0,1.0,200,0.36,0.9583333333333334,32.38394788511903,13
1.5,1.0,200,0.36,0.9583333333333334,32.38394788511903,13
2.0,1.0,200,0.36,0.9583333333333334,32.38394788511903,13
0.0,0.0,200,0.36,0.9583333333333334,40.254550401403975,14
0.5,0.0,200,0.36,0.9583333333333334,40.254550401403975,14
1.0,1.0,200,0.36,0.9583333333333334,40.254550401403975,14
1.5,1.0,200,0.36,0.9583333333333334,40.254550401403975,14
2.0,1.0,200,0.36,0.9583333333333334,40.254550401403975,14
0.0,0.0,200,0.36,0.9861111111111112,33.48660545614885,15
0.5,0.0,200,0.36,0.9861111111111112,33.48660545614885,15
1.0,1.0,200,0.36,0.9861111111111112,33.48660545614885,15
1.5,1.0,200,0.36,0.9861111111111112,33.48660545614885,15
2.0,1.0,200,0.36,0.9861111111111112,33.48660545614885,15
0.0,0.0,200,0.36,0.9722222222222222,32.852866650766515,16
0.5,0.0,200,0.36,0.9722222222222222,32.852866650766515,16
1.0,1.0,200,0.36,0.9722222222222222,32.852866650766515,16
1.5,1.0,200,0.36,0.9722222222222222,32.852866650766515,16
2.0,1.0,200,0.36,0.9722222222222222,32.852866650766515,16
0.0,0.0,200,0.36,0.9444444444444444,28.96649817380082,17
0.5,0.0,200,0.36,0.9444444444444444,28.96649817380082,17
1.0,1.0,200,0.36,0.9444444444444444,28.96649817380082,17
1.5,1.0,200,0.36,0.9444444444444444,28.96649817380082,17
2.0,1.0,200,0.36,0.9444444444444444,28.96649817380082,17
0.0,0.0,200,0.36,0.9444444444444444,34.19438744882672,18
0.5,0.0,200,0.36,0.9444444444444444,34.19438744882672,18
1.0,1.0,200,0.36,0.9444444444444444,34.19438744882672,18
1.5,1.0,200,0.36,0.9444444444444444,34.19438744882672,18
2.0,1.0,200,0.36,0.9444444444444444,34.19438744882672,18
0.0,0.0,200,0.36,0.9722222222222222,33.87837793099142,19
0.5,0.0,200,0.36,0.9722222222222222,33.87837793099142,19
1.0,1.0,200,0.36,0.9722222222222222,33.87837793099142,19
1.5,1.0,200,0.36,0.9722222222222222,33.87837793099142,19
2.0,1.0,200,0.36,0.9722222222222222,33.87837793099142,19
0.0,0.0,200,0.36,0.9861111111111112,31.824486589502573,20
0.5,0.0,200,0.36,0.9861111111111112,31.824486589502573,20
1.0,1.0,200,0.36,0.9861111111111112,31.824486589502573,20
1.5,1.0,200,0.36,0.9861111111111112,31.824486589502573,20
2.0,1.0,200,0.36,0.9861111111111112,31.824486589502573,20
0.0,0.0,200,0.36,0.9583333333333334,30.584553186701754,21
0.5,0.0,200,0.36,0.9583333333333334,30.584553186701754,21
1.0,1.0,200,0.36,0.9583333333333334,30.584553186701754,21
1.5,1.0,200,0.36,0.9583333333333334,30.584553186701754,21
2.0,1.0,200,0.36,0.9583333333333334,30.584553186701754,21
0.0,0.0,200,0.36,0.9861111111111112,31.531217301351006,22
0.5,0.0,200,0.36,0.9861111111111112,31.531217301351006,22
1.0,1.0,200,0.36,0.9861111111111112,31.531217301351006,22
1.5,1.0,200,0.36,0.9861111111111112,31.531217301351006,22
2.0,1.0,200,0.36,0.9861111111111112,31.531217301351006,22
0.0,0.0,200,0.36,0.9722222222222222,33.94936930260621,23
0.5,0.0,200,0.36,0.9722222222222222,33.94936930260621,23
1.0,1.0,200,0.36,0.9722222222222222,33.94936930260621,23
1.5,1.0,200,0.36,0.9722222222222222,33.94936930260621,23
2.0,1.0,200,0.36,0.9722222222222222,33.94936930260621,23
0.0,0.0,200,0.36,0.9583333333333334,31.086395990788503,24
0.5,0.0,200,0.36,0.9583333333333334,31.086395990788503,24
1.0,1.0,200,0.36,0.9583333333333334,31.086395990788503,24
1.5,1.0,200,0.36,0.9583333333333334,31.086395990788503,24
2.0,1.0,200,0.36,0.9583333333333334,31.086395990788503,24
0.0,0.0,200,0.36,0.9861111111111112,32.875525671169015,25
0.5,0.0,200,0.36,0.9861111111111112,32.875525671169015,25
1.0,1.0,200,0.36,0.9861111111111112,32.875525671169015,25
1.5,1.0,200,0.36,0.9861111111111112,32.875525671169015,25
2.0,1.0,200,0.36,0.9861111111111112,32.875525671169015,25
0.0,0.0,200,0.36,0.9722222222222222,34.78677167799178,26
0.5,0.0,200,0.36,0.9722222222222222,34.78677167799178,26
1.0,1.0,200,0.36,0.9722222222222222,34.78677167799178,26
1.5,1.0,200,0.36,0.9722222222222222,34.78677167799178,26
2.0,1.0,200,0.36,0.9722222222222222,34.78677167799178,26
0.0,0.0,200,0.36,0.9722222222222222,36.85004392182313,27
0.5,0.0,200,0.36,0.9722222222222222,36.85004392182313,27
1.0,1.0,200,0.36,0.9722222222222222,36.85004392182313,27
1.5,1.0,200,0.36,0.9722222222222222,36.85004392182313,27
2.0,1.0,200,0.36,0.9722222222222222,36.85004392182313,27
0.0,0.0,200,0.36,0.9583333333333334,32.3340868475739,28
0.5,0.0,200,0.36,0.9583333333333334,32.3340868475739,28
1.0,1.0,200,0.36,0.9583333333333334,32.3340868475739,28
1.5,1.0,200,0.36,0.9583333333333334,32.3340868475739,28
2.0,1.0,200,0.36,0.9583333333333334,32.3340868475739,28
0.0,0.0,200,0.36,0.9861111111111112,32.136614018855944,29
0.5,0.0,200,0.36,0.9861111111111112,32.136614018855944,29
1.0,1.0,200,0.36,0.9861111111111112,32.136614018855944,29
1.5,1.0,200,0.36,0.9861111111111112,32.136614018855944,29
2.0,1.0,200,0.36,0.9861111111111112,32.136614018855944,29
0.0,0.0,200,0.36,0.9444444444444444,31.49369546694882,30
0.5,0.0,200,0.36,0.9444444444444444,31.49369546694882,30
1.0,1.0,200,0.36,0.9444444444444444,31.49369546694882,30
1.5,1.0,200,0.36,0.9444444444444444,31.49369546694882,30
2.0,1.0,200,0.36,0.9444444444444444,31.49369546694882,30
0.0,0.0,200,0.36,0.9305555555555556,33.397674393085055,31
0.5,0.0,200,0.36,0.9305555555555556,33.397674393085055,31
1.0,1.0,200,0.36,0.9305555555555556,33.397674393085055,31
1.5,1.0,200,0.36,0.9305555555555556,33.397674393085055,31
2.0,1.0,200,0.36,0.9305555555555556,33.397674393085055,31
0.0,0.0,200,0.36,0.9583333333333334,41.01747063129105,32
0.5,0.0,200,0.36,0.9583333333333334,41.01747063129105,32
1.0,1.0,200,0.36,0.9583333333333334,41.01747063129105,32
1.5,1.0,200,0.36,0.9583333333333334,41.01747063129105,32
2.0,1.0,200,0.36,0.9583333333333334,41.01747063129105,32
0.0,0.0,200,0.36,0.9444444444444444,32.016779490335324,33
0.5,0.0,200,0.36,0.9444444444444444,32.016779490335324,33
1.0,1.0,200,0.36,0.9444444444444444,32.016779490335324,33
1.5,1.0,200,0.36,0.9444444444444444,32.016779490335324,33
2.0,1.0,200,0.36,0.9444444444444444,32.016779490335324,33
0.0,0.0,200,0.36,1.0,33.09860014409168,34
0.5,0.0,200,0.36,1.0,33.09860014409168,34
1.0,1.0,200,0.36,1.0,33.09860014409168,34
1.5,1.0,200,0.36,1.0,33.09860014409168,34
2.0,1.0,200,0.36,1.0,33.09860014409168,34
0.0,0.0,200,0.36,0.9722222222222222,32.239397647661086,35
0.5,0.0,200,0.36,0.9722222222222222,32.239397647661086,35
1.0,1.0,200,0.36,0.9722222222222222,32.239397647661086,35
1.5,1.0,200,0.36,0.9722222222222222,32.239397647661086,35
2.0,1.0,200,0.36,0.9722222222222222,32.239397647661086,35
